station_id,Aluminium_2019,Aluminium_2020,Ammonium_2019,Ammonium_2020,Boron_2019,Boron_2020,Chloride_2019,Chloride_2020,Coli-like-bacteria-Colilert_2019,Coli-like-bacteria-Colilert_2020,Coli-like-bacteria_2019,Coli-like-bacteria_2020,Colony-count-at-22-C_2019,Colony-count-at-22-C_2020,Color-Pt-Co-unit_2019,Color-Pt-Co-unit_2020,Color-Pt/Co-scale_2019,Color-Pt/Co-scale_2020,Electrical-conductivity_2019,Electrical-conductivity_2020,Enterococci_2019,Enterococci_2020,Escherichia-coli-Colilert_2019,Escherichia-coli-Colilert_2020,Escherichia-coli_2019,Escherichia-coli_2020,Fluoride_2019,Fluoride_2020,Iron_2019,Iron_2020,Manganese_2019,Manganese_2020,Nitrate_2019,Nitrate_2020,Nitrite_2019,Nitrite_2020,Odour-dilution-level_2019,Odour-dilution-level_2020,Oxidability_2019,Oxidability_2020,Smell-ball-units_2019,Smell-ball-units_2020,Sodium_2019,Sodium_2020,Sulphate_2019,Sulphate_2020,Taste-ball-units_2019,Taste-ball-units_2020,Taste-dilution-degree_2019,Taste-dilution-degree_2020,Turbidity-NTU_2019,Turbidity-NTU_2020,pH _2019,pH _2020,compliance_2019,compliance_2020,compliance_2021
487,,,0.05,0.05,,,,,,,0.0,0.0,,,1.8,1.9,,,474.0,473.0,,,,,0.0,0.0,,,20.0,20.0,,,,,,,,,,,0.0,0.0,,,,,0.0,0.0,,,1.6,0.2,7.8,7.6,0,0,0
1555,,,0.05,0.05,,,,,,,0.0,0.0,0.0,0.0,,,0.0,0.0,465.0,483.0,,,,,0.0,0.0,,,20.0,20.0,,,,,,,1.0,1.0,,,,,,,,,,,1.0,1.0,1.0,1.0,7.3,7.1,0,0,0
205,,10.0,0.05,0.24,,0.1,,,,,0.0,0.0,0.0,0.0,,,0.0,0.0,448.0,359.0,,0.0,,,0.0,0.0,,0.1,20.0,21.0,10.0,10.0,,,,,1.0,1.0,,,,,,,,,,,1.0,1.0,1.0,1.0,7.8,7.7,0,0,0
1228,,,0.09,0.05,0.641,0.932,,,,,0.0,0.0,15.0,2.0,,,4.0,4.0,978.0,920.0,,,,,0.0,0.0,1.36,1.5,21.0,10.0,,,,,0.003,0.003,,,,,1.0,1.0,,,,,1.0,1.0,,,0.5,0.5,7.44,7.58,0,0,0
470,,,0.06,0.05,,,,,,,0.0,2.0,1.0,31.0,6.6,5.0,,,446.0,579.0,,,,,0.0,0.0,,,84.0,3500.0,,,,,,,,,,,0.0,0.0,,,,,0.0,0.0,,,0.2,44.0,7.7,8.0,0,1,0
614,,,0.12,0.13,,,,,,,0.0,0.0,97.0,300.0,,,3.0,3.0,500.0,505.0,0.0,,,,0.0,0.0,1.5,1.36,100.0,110.0,,,,,,,,,,,1.0,1.0,,,,,1.0,1.0,,,0.5,0.5,8.64,8.45,0,0,1
1420,,,,,,,,,0.0,0.0,,,53.0,15.0,,,4.0,4.0,240.0,213.0,,,0.0,0.0,,,,,49.0,53.0,5.0,5.0,,,,,1.0,2.0,,,,,,,,,,,1.0,2.0,1.0,1.0,7.5,8.0,0,0,0
188,,,0.23,,,,,,,,0.0,0.0,17.0,74.0,,,,,889.0,987.0,0.0,,,,0.0,0.0,,,250.0,280.0,,,,,,,,,,,0.0,0.0,,,,,0.0,0.0,,,0.5,0.5,7.45,7.4,1,1,0
1286,,50.0,0.2,0.23,,0.091,,6.5,,0.0,0.0,,,0.0,,,6.0,4.2,640.0,638.0,,0.0,,0.0,0.0,,,0.52,240.0,150.0,,36.0,,0.04,,0.003,,,,1.8,,,,15.0,,1.1,,,,,0.72,0.5,7.5,7.7,1,0,1
736,,,0.05,,,,,,,,0.0,0.0,33.0,26.0,,,9.0,11.0,835.0,822.0,,,,,0.0,0.0,0.79,1.07,82.0,68.0,5.0,,,,,,,,2.1,,1.0,1.0,48.2,,44.0,,1.0,1.0,,,0.5,0.5,7.53,7.26,0,0,0
495,,,0.05,0.05,,,,,,,0.0,0.0,,0.0,2.4,2.6,,,411.0,414.0,,,,,0.0,0.0,,,21.0,20.0,,,,,,,,,,,0.0,0.0,,,,,0.0,0.0,,,0.2,0.2,7.7,7.6,0,0,0
1417,,,,,,,,,0.0,0.0,,0.0,14.0,37.0,,,3.0,3.0,368.0,365.0,0.0,0.0,0.0,0.0,,0.0,,,29.0,50.0,5.0,13.0,,,,,2.0,2.0,,,,,,,,,,,2.0,2.0,1.0,1.0,7.8,8.1,0,0,0
169,5.0,5.0,0.29,0.23,0.277,7.7,16.0,10.0,,,0.0,0.0,11.0,12.0,6.4,5.2,,,536.0,550.0,0.0,0.0,,,0.0,0.0,1.09,1.09,55.0,45.0,20.0,20.0,1.0,0.65,0.005,0.005,,,0.93,0.96,0.0,0.0,23.0,26.0,13.0,13.0,0.0,0.0,,,0.3,0.4,8.1,8.2,0,1,0
1526,,,0.16,0.06,,,,13.5,0.0,,,0.0,,,5.0,5.0,,,514.0,566.0,,,0.0,,,0.0,,0.61,42.0,228.0,,9.5,0.67,3.56,0.039,0.068,,,,0.57,0.0,0.0,,10.0,,42.7,0.0,0.0,,,,,7.68,7.88,0,1,0
1938,,,0.05,,,,,,,,0.0,0.0,5.0,0.0,,,0.0,0.0,293.0,268.0,,,,,0.0,0.0,,,,136.0,,,,,,,1.0,1.0,,,,,,,,,,,1.0,1.0,1.1,1.0,7.6,7.5,0,0,0
286,10.0,,0.05,,0.3,,50.0,,,,0.0,,,,,,0.0,0.0,284.0,323.0,,,,,0.0,,1.2,1.1,20.0,,10.0,,1.0,,0.002,,1.0,1.0,0.7,,,,37.0,,8.8,,,,1.0,1.0,1.0,1.0,7.1,7.5,0,0,0
990,5.0,5.0,0.05,,0.311,0.274,50.0,46.0,0.0,0.0,,,29.0,8.0,,,2.0,2.0,503.0,498.0,0.0,0.0,0.0,0.0,,,0.62,0.7,28.0,125.0,5.0,5.0,0.48,0.52,0.01,0.01,2.0,2.0,1.2,0.96,,,48.4,43.1,7.0,5.0,,,2.0,2.0,4.6,1.0,7.7,7.9,0,0,0
823,4.0,5.0,0.2,0.13,0.211,0.25,22.0,16.0,0.0,1.0,,,21.0,17.0,,,3.0,3.0,556.0,854.0,0.0,0.0,0.0,0.0,,,0.71,0.71,98.0,95.0,24.0,53.7,0.76,0.59,0.01,0.01,2.0,4.0,1.3,1.2,,,22.9,23.1,13.0,15.0,,,2.0,4.0,1.0,1.1,7.4,7.8,0,1,0
866,4.0,,0.05,,0.075,,16.0,,0.0,0.0,,,24.0,0.0,,,4.0,4.0,559.0,665.0,0.0,,0.0,0.0,,,0.44,,21.0,23.0,2.0,,0.56,,0.01,,4.0,1.0,1.7,,,,10.7,,5.0,,,,4.0,1.0,3.3,1.0,7.3,7.4,0,0,0
1318,,,0.05,,0.371,0.294,,,,,0.0,0.0,76.0,6.0,,,5.0,7.0,767.0,464.0,,,,,0.0,0.0,1.91,1.16,40.0,54.0,,,,,,,,,,,1.0,1.0,,,,,1.0,1.0,,,0.5,0.5,7.6,7.24,1,0,0
1441,,,,,,,,,,,0.0,0.0,80.0,24.0,,,3.0,3.0,573.0,630.0,,,,,0.0,0.0,0.57,,120.0,30.0,,,,,,,,,,,1.0,2.0,,,,,1.0,1.0,,,0.5,0.5,7.83,7.73,0,0,0
774,,,,,,,,,,,0.0,0.0,10.0,6.0,,,0.0,0.0,316.0,316.0,,,,,0.0,0.0,,,20.0,20.0,10.0,10.0,,,,,1.0,1.0,,,,,,,,,,,1.0,1.0,1.0,1.0,7.7,7.5,0,0,0
824,,,0.05,,,,,,0.0,3.0,,,0.0,10.0,,,2.0,2.0,561.0,589.0,,,0.0,0.0,,,,,25.0,20.0,10.0,10.0,,,,,1.0,1.0,,,,,,,,,,,1.0,1.0,1.0,1.0,7.5,7.7,0,1,0
831,,,0.05,,,,,,0.0,0.0,,,4.0,0.0,,,2.0,2.0,804.0,814.0,,,0.0,0.0,,,,,14.0,20.0,5.0,5.0,,,,,1.0,1.0,,,,,,,,,,,1.0,1.0,1.0,1.0,7.5,7.5,0,0,0
1008,,,,,,,,,0.0,1.0,,,4.0,14.0,,,2.0,2.0,570.0,565.0,,,,0.0,,,,,18.0,76.0,5.0,15.0,,,,,2.0,2.0,,,,,,,,,,,2.0,2.0,1.0,1.0,7.6,8.0,0,1,0
615,,20.0,,0.041,,0.26,,15.0,,0.0,0.0,,0.0,0.0,,,5.0,6.1,565.0,571.0,,0.0,,0.0,0.0,,,1.4,10.0,41.0,,4.8,,0.83,,0.003,,,,1.0,,,,39.0,,2.7,,,,,0.5,0.63,7.8,7.6,0,0,0
1091,,,,0.08,,,,,3.0,0.0,,,300.0,490.0,,,2.0,2.0,648.0,610.0,,0.0,0.0,0.0,,,,,,17.0,,11.0,,,,0.02,2.0,16.0,,0.88,,,,62.4,,3.0,,,2.0,16.0,1.0,2.0,7.9,8.1,1,0,1
548,,,0.03,0.03,,,,,,,0.0,0.0,23.0,,5.0,5.0,,,457.0,451.0,,,,,0.0,0.0,,,60.0,45.0,,,,,,,,,,,0.0,0.0,,,,,0.0,0.0,,,0.3,0.3,7.5,7.4,0,0,0
713,,,,,,,,,,,0.0,0.0,14.0,19.0,,,3.0,3.0,239.0,189.0,,,,,0.0,0.0,1.22,1.03,20.0,,,,,,,,,,,,1.0,1.0,,,,,2.0,2.0,,,0.5,0.5,8.3,7.71,0,0,0
1017,,,0.05,,,,,,,0.0,0.0,,37.0,44.0,,,6.0,8.0,710.0,761.0,0.0,,,0.0,0.0,,,,185.0,395.0,36.0,,,,,,1.0,2.0,1.6,,,,4.7,,40.0,,,,1.0,2.0,1.8,3.7,7.3,7.5,0,1,0
513,,,,,,,,,,,0.0,0.0,0.0,0.0,,,0.0,0.0,382.0,299.0,,,,,0.0,0.0,,,20.0,20.0,10.0,10.0,,,,,1.0,1.0,,,,,,,,,,,1.0,1.0,1.0,1.0,7.5,7.3,0,0,0
491,,,0.21,0.24,,,,,,,0.0,0.0,,,,,13.3,12.3,448.0,440.0,0.0,,,,0.0,0.0,,,,81.2,,30.0,,,,,1.0,2.0,,,,,,,2.8,,,,1.0,2.0,0.7,0.5,7.47,7.46,0,0,1
1277,5.0,,0.17,0.05,,,27.0,,0.0,0.0,,,27.0,,,,6.0,2.0,647.0,594.0,,,0.0,0.0,,,,,185.0,20.0,26.5,5.0,0.45,,,,2.0,2.0,1.7,,,,31.5,,16.0,,,,2.0,2.0,2.4,1.0,7.6,7.9,0,0,0
1028,,,0.29,0.35,,,,5.0,0.0,0.0,,,24.0,19.0,,,2.0,2.1,320.0,287.0,,0.0,0.0,0.0,,,,,42.0,25.0,9.0,11.0,,,,,2.0,2.0,,1.3,,,,6.4,,,,,2.0,2.0,1.3,1.0,7.8,8.0,0,0,0
542,,,,,,,,,,,0.0,0.0,44.0,0.0,5.0,5.0,,,1062.0,872.0,,,,,0.0,0.0,,,10.0,10.0,,,,,,,,,,,0.0,0.0,,,,,0.0,0.0,,,0.3,0.3,6.5,7.5,0,0,0
1027,,,0.73,0.14,,,,243.0,0.0,,,,300.0,,,,11.0,8.2,1683.0,1197.0,,,0.0,,,,,,43.0,46.0,47.0,13.0,,,,,4.0,2.0,,,,,,,,,,,4.0,2.0,1.0,1.0,7.7,8.0,1,0,1
2311,,,0.22,,,,,,0.0,0.0,,,4.0,3.0,,,2.0,3.0,457.0,725.0,,,0.0,0.0,,,,,150.0,20.0,23.0,5.0,,,,,2.0,2.0,,,,,,,,,,,2.0,2.0,1.6,1.0,7.6,7.4,0,0,0
297,,,0.05,0.05,,,,,,,0.0,0.0,0.0,12.0,,,0.0,0.0,498.0,497.0,,,,,0.0,0.0,,,20.0,20.0,10.0,10.0,,,,,1.0,1.0,,,,,,,,,,,1.0,1.0,1.0,1.0,7.3,7.4,0,0,0
1117,,,,,,,,,0.0,0.0,,,0.0,0.0,,,4.0,4.0,716.0,810.0,,,0.0,0.0,,,,,,28.0,,5.0,,,,,1.0,4.0,,,,,,,,,,,1.0,4.0,1.0,1.0,7.5,7.1,0,0,0
1409,,,0.08,,,,,,0.0,0.0,,0.0,4.0,158.0,0.0,,,5.0,448.0,473.0,0.0,,0.0,0.0,,0.0,,,,160.0,,,,,,,,2.0,,,0.0,0.0,,,,,0.0,0.0,,2.0,0.64,1.3,7.8,7.9,0,0,0
355,,,0.05,0.05,,,,,,,0.0,0.0,4.0,0.0,,,0.0,0.0,379.0,403.0,,,,,0.0,0.0,,,20.0,20.0,,,,,,,1.0,1.0,,,,,,,,,,,1.0,1.0,1.0,1.0,7.3,7.4,0,0,0
805,,5.0,,0.29,,0.263,,17.0,0.0,0.0,,,4.0,3.0,,,13.0,7.0,570.0,597.0,,0.0,0.0,0.0,,,,0.66,2000.0,1353.0,,61.6,,0.5,,0.01,4.0,2.0,,3.1,,,,30.1,,3.0,,,4.0,2.0,10.0,5.2,7.7,7.7,1,1,0
527,,,,,,,,,,,0.0,0.0,0.0,0.0,,,0.0,0.0,491.0,500.0,,,,,0.0,0.0,,,428.0,20.0,,,,,,,1.0,1.0,,,,,,,,,,,1.0,1.0,1.4,1.0,7.5,7.5,1,0,0
1074,,,0.05,0.05,,,,,,,0.0,0.0,,0.0,5.0,5.0,,,338.0,379.0,0.0,0.0,,,0.0,,,,43.0,56.0,0.5,0.5,,,,,,,,,0.0,0.0,,,,,0.0,0.0,,,,,7.98,7.96,0,0,0
562,,,,0.03,,,,,,,0.0,0.0,0.0,24.0,5.0,5.0,,,152.8,113.0,,,,,0.0,0.0,,,,,,,,,,,,,,,0.0,0.0,,,30.0,21.0,0.0,0.0,,,1.3,0.3,6.5,6.6,0,0,0
629,,,,,,,,,,,0.0,0.0,0.0,7.0,,,0.0,0.0,372.0,488.0,,,,,0.0,0.0,,,115.0,20.0,541.0,10.0,,,,,1.0,1.0,,,,,,,,,,,1.0,1.0,1.0,1.0,7.6,7.4,1,0,0
444,,,0.05,0.05,,,23.0,,0.0,,100.0,0.0,300.0,26.0,,,5.0,0.0,758.0,647.0,0.0,0.0,0.0,,0.0,0.0,0.24,,460.0,20.0,11.0,10.0,19.3,,0.01,,4.0,1.0,0.96,1.1,,,12.3,,34.0,,,,4.0,,2.0,1.0,7.6,7.1,1,0,0
399,10.0,,0.05,,0.2,,3.2,,,,0.0,0.0,16.0,0.0,,,0.0,0.0,387.0,466.0,0.0,,,,0.0,0.0,0.6,,20.0,20.0,6.0,,1.0,,0.002,,1.0,1.0,1.1,,,,30.0,,8.8,,,,1.0,1.0,1.0,1.0,7.7,7.7,0,0,0
590,,,0.14,0.15,,,,,,,0.0,0.0,,2.0,1.5,1.5,,,421.0,428.0,,,,,0.0,0.0,,,122.0,166.0,,,,,,,,,,,0.0,0.0,,,,,0.0,0.0,,,0.2,0.5,7.7,7.6,0,0,0
1099,,5.0,,0.12,,0.5,,57.0,0.0,3.0,,,300.0,26.0,,,11.0,12.0,579.0,623.0,,0.0,0.0,0.0,,,,1.2,,196.0,,4.0,,0.5,,0.01,2.0,2.0,,2.6,,,,68.0,,8.0,,,2.0,2.0,1.0,1.0,7.6,7.9,0,1,0
658,,,,,,,,,,,0.0,0.0,1.0,19.0,,,3.0,3.0,646.0,628.0,,,,,0.0,0.0,,,73.0,110.0,,,,,,,,,,,1.0,1.0,,,,,1.0,1.0,,,0.6,0.5,7.47,7.47,0,0,0
2078,5.0,,0.21,,3.7,0.501,62.0,,4.1,2.0,,,24.0,7.0,,,4.0,3.0,495.0,456.0,0.0,,0.0,0.0,,,1.0,,200.0,92.0,35.0,17.0,0.45,,0.01,,16.0,8.0,0.8,,,,48.1,,6.0,,,,16.0,8.0,4.9,1.0,8.0,8.0,1,1,0
521,10.0,,0.05,,0.1,,1.4,,,,0.0,0.0,7.0,0.0,,,0.0,0.0,355.0,352.0,0.0,,,,0.0,0.0,0.1,,54.0,20.0,23.0,10.0,1.0,,0.002,,1.0,1.0,1.0,,,,2.7,,3.8,,,,1.0,1.0,1.0,1.0,7.5,7.5,0,0,0
430,40.0,40.0,0.113,0.12,0.269,0.284,196.0,199.0,,,0.0,0.0,0.0,3.0,,,10.8,7.1,982.0,981.0,0.0,0.0,,,0.0,0.0,0.49,0.15,155.0,209.0,4.7,30.0,0.44,0.44,0.004,0.004,1.0,2.0,1.2,3.1,1.0,1.0,171.8,169.2,5.0,5.7,1.0,1.0,1.0,1.0,1.11,0.84,8.2,8.3,0,0,0
826,,,0.31,0.68,,,218.0,163.0,0.0,0.0,,,0.0,19.0,,,3.0,2.0,975.0,674.0,,,0.0,0.0,,,,,36.0,25.0,5.0,181.0,,,,,4.0,2.0,,,,,,,,,,,4.0,2.0,1.0,1.0,8.2,7.6,0,1,0
1313,,5.0,,0.05,,0.085,,9.0,,,0.0,0.0,34.0,4.0,,,4.1,,716.0,744.0,,,,,0.0,0.0,,0.33,83.0,59.0,,2.0,,0.5,,0.01,,1.0,,3.2,,,,35.5,,64.0,,,,,1.0,1.0,7.03,7.33,0,0,0
877,,5.0,,0.05,,0.954,,12.0,0.0,0.0,,,0.0,8.0,,,,2.0,,530.0,,0.0,0.0,0.0,,,,0.47,,10.0,,2.0,,0.45,,0.01,,2.0,,0.8,,,,17.9,,6.0,,,,2.0,,1.0,,7.6,0,0,0
881,,5.0,,0.19,,0.667,,14.0,0.0,0.0,,,5.0,3.0,,,,3.0,,586.0,,0.0,0.0,0.0,,,,1.0,,14.0,,2.0,,0.45,,0.01,,2.0,,1.6,,,,27.0,,16.0,,,,2.0,,1.0,,7.5,0,0,0
1450,,5.0,,0.08,,0.73,,80.0,,0.0,0.0,,,0.0,,,,6.0,,692.0,,0.0,,0.0,0.0,,,2.12,,180.0,,2.0,,0.45,,0.01,,2.0,,1.1,,,,85.9,,54.0,,,,,,1.0,,7.9,0,1,0
509,,,,,,,,,,,0.0,0.0,0.0,4.0,,,0.0,0.0,451.0,466.0,,,,,0.0,0.0,,,27.0,20.0,10.0,10.0,,,,,1.0,1.0,,,,,,,,,,,1.0,1.0,1.0,1.0,7.3,7.3,0,0,0
1602,,20.0,0.14,,,0.36,26.0,,,0.0,0.0,,300.0,80.0,,,12.0,2.0,553.0,589.0,0.0,,,,0.0,,,1.2,1270.0,14.0,23.0,,,0.04,,0.003,8.0,,0.88,,,,47.3,,3.0,,,,,,7.0,0.5,7.7,7.9,1,0,0
1141,5.0,,0.11,0.1,0.717,,,,,,0.0,0.0,,,,,8.3,6.9,448.0,452.0,0.0,,,,0.0,0.0,,,,,,,,,,,1.0,1.0,0.42,,,,,,2.8,,,,1.0,1.0,1.93,1.75,8.02,8.02,0,0,0
979,,,,,,,,,0.0,0.0,,,7.0,4.0,,,6.0,2.0,543.0,503.0,,,0.0,0.0,,,,,530.0,61.0,,,,,,,2.0,1.0,,,,,,,,,,,2.0,1.0,1.0,1.0,7.2,7.5,1,0,0
605,,,,,,,,,,,0.0,0.0,0.0,0.0,,,0.0,0.0,326.0,416.0,,,,,0.0,0.0,,,20.0,20.0,87.0,31.0,,,,,1.0,1.0,,,,,,,,,,,1.0,1.0,1.0,1.0,7.4,7.4,1,0,0
1465,,,0.24,0.2,,,,182.0,,,0.0,0.0,0.0,48.0,,,8.1,11.8,878.0,883.0,0.0,0.0,,,0.0,0.0,,0.53,889.0,767.0,,79.5,,1.0,,0.011,1.0,1.0,,2.53,,,,,,2.8,,,1.0,1.0,2.0,2.79,7.87,8.02,1,1,0
426,,,0.05,0.05,,,,,,,0.0,0.0,2.0,0.0,2.1,1.5,,,593.0,610.0,,,,,0.0,0.0,0.05,0.15,23.0,,,,,,,,,,,,0.0,0.0,,,,,0.0,0.0,,,0.2,0.2,7.5,7.7,0,0,0
474,,,,0.05,,,,,,,0.0,0.0,1.0,0.0,1.7,2.2,,,561.0,564.0,,,,,0.0,0.0,,,22.0,20.0,20.0,20.0,,,,,,,,,0.0,0.0,,,,,0.0,0.0,,,0.2,0.2,7.6,7.6,0,0,0
751,4.0,,0.08,0.08,0.257,,361.0,,,0.0,0.0,0.0,8.0,68.0,,,21.4,19.9,1394.0,877.0,0.0,0.0,,0.0,0.0,0.0,0.82,,219.0,,33.0,,1.0,,0.009,,1.0,1.0,1.02,,,,178.9,,4.8,,,,1.0,1.0,1.46,2.46,7.98,7.86,1,0,1
380,,,0.05,,,,,,,,0.0,0.0,0.0,0.0,,,0.0,0.0,572.0,576.0,,,,,0.0,0.0,,,20.0,20.0,,,,,,,1.0,1.0,,,,,,,,,,,1.0,1.0,1.0,1.0,7.4,7.5,0,0,0
277,10.0,10.0,0.05,0.05,0.1,0.1,24.0,15.0,,,0.0,0.0,7.0,19.0,,,0.0,0.0,636.0,631.0,0.0,0.0,,,0.0,0.0,0.3,0.3,25.0,43.0,10.0,10.0,2.0,4.2,0.002,0.005,1.0,1.0,1.3,2.3,,,13.0,6.9,60.0,75.0,,,1.0,1.0,1.3,1.0,7.6,7.5,0,0,0
934,,,0.05,0.05,,,,,,,0.0,0.0,,0.0,5.0,5.0,,,339.0,369.0,0.0,0.0,,,0.0,0.0,,,52.0,86.0,0.5,0.5,,,,,,,,,0.0,0.0,,,,,0.0,,,,,,8.05,7.97,0,0,0
360,,,0.05,0.05,,,,,,,0.0,0.0,4.0,0.0,,,0.0,0.0,462.0,530.0,,,,,0.0,0.0,,,,,,,,,,,1.0,1.0,,,,,,,,,,,1.0,1.0,1.0,1.0,7.5,7.4,0,0,0
436,,,0.05,0.05,,,,,,,0.0,0.0,0.0,0.0,,,0.0,0.0,308.0,494.0,,,,,0.0,0.0,,,20.0,42.0,26.0,45.0,,,,,1.0,1.0,,,,,,,,,,,1.0,1.0,1.0,1.0,7.4,7.3,0,0,0
367,10.0,,0.05,0.05,0.3,,6.3,,,,0.0,0.0,4.0,4.0,,,0.0,0.0,295.0,287.0,0.0,,,,0.0,0.0,1.3,1.4,20.0,,10.0,,1.0,,0.002,,1.0,1.0,1.1,,,,24.0,,5.6,,,,1.0,1.0,1.0,1.0,7.6,8.0,0,0,0
349,10.0,23.0,0.05,0.05,0.4,0.4,1.4,0.7,,,0.0,0.0,0.0,229.0,,,0.0,0.0,90.6,63.0,0.0,0.0,,,0.0,0.0,0.2,0.1,20.0,20.0,10.0,10.0,1.0,1.0,0.005,0.002,1.0,1.0,0.7,0.7,,,5.3,4.2,1.3,1.0,,,1.0,1.0,1.0,1.0,7.5,8.2,0,0,0
1319,,5.0,,0.11,,0.555,,13.0,0.0,0.0,,,10.0,115.0,,,4.0,5.0,413.0,451.0,,0.0,0.0,0.0,,,,0.9,120.0,100.0,12.0,10.0,,0.45,,0.01,1.0,2.0,,0.64,,,,48.4,,3.0,,,1.0,2.0,1.3,1.0,7.8,8.2,0,0,0
1485,10.0,,0.05,,0.1,,7.3,,,,0.0,0.0,60.0,7.0,,,0.0,0.0,512.0,510.0,0.0,,,,0.0,0.0,0.1,,20.0,20.0,10.0,10.0,9.8,,0.002,,1.0,1.0,1.0,,,,5.0,,15.0,,,,1.0,1.0,1.0,1.0,7.6,7.2,0,0,0
1297,,,,,,,,,0.0,0.0,,,41.0,1.0,,,2.0,5.0,634.0,580.0,,,0.0,0.0,,,,,20.0,20.0,20.0,20.0,,,,,2.0,,,,,,,,,,,,2.0,,1.0,0.5,7.5,7.8,0,0,0
1051,,,0.08,,,,,,,,0.0,0.0,,4.0,,,8.4,0.0,454.0,398.0,,,,,0.0,0.0,,,,50.0,,,,,,,1.0,1.0,,,,,,,2.8,,,,1.0,1.0,0.68,1.0,7.88,7.5,0,0,0
1073,,,,,,,,,,,0.0,0.0,0.0,0.0,,,3.8,5.1,470.0,475.0,,,,,0.0,0.0,,,,,,,1.0,,0.004,,1.0,1.0,,,,,,,7.2,,,,1.0,1.0,0.59,2.5,7.64,7.63,0,0,0
328,,,0.05,0.05,,,,,,,0.0,0.0,83.0,0.0,,,0.0,0.0,396.0,501.0,,0.0,,,0.0,0.0,,,20.0,20.0,,21.0,,,,,1.0,1.0,,2.1,,,,6.7,,19.0,,,1.0,1.0,1.0,1.0,7.5,7.3,0,0,0
682,,1.0,,0.05,,0.106,,10.0,,,0.0,0.0,34.0,3.0,,,3.0,3.0,623.0,630.0,,0.0,,,0.0,0.0,,0.56,,0.052,,10.0,,2.06,,0.003,,,,0.59,1.0,1.0,,11.6,,31.0,1.0,1.0,,,0.5,0.5,7.32,7.23,0,0,0
1101,,,0.05,0.05,,,,,0.0,0.0,,,44.0,7.0,,,3.0,3.3,180.0,155.0,,,0.0,0.0,,,,,58.0,56.0,5.0,5.0,,,,,2.0,2.0,,,,,,,,,,,2.0,2.0,1.0,1.0,7.7,8.1,0,0,0
689,,,0.05,0.05,,,,,,,0.0,0.0,5.0,8.0,,3.0,3.0,,712.0,504.0,,,,,0.0,0.0,1.12,0.94,,,,,,,0.003,0.003,,,,,1.0,1.0,,,,,1.0,1.0,,,0.5,0.5,7.57,7.55,0,0,0
1103,,,,,,,,,0.0,0.0,,,10.0,3.0,,,3.0,2.0,515.0,578.0,,,0.0,0.0,,,,,,40.0,,9.0,,,,,2.0,1.0,,,,,,,,,,,2.0,1.0,1.3,1.0,8.0,7.9,0,0,0
1185,,,,,,,,,0.0,0.0,,,0.0,11.0,,,2.0,2.0,576.0,575.0,,,0.0,0.0,,,,,17.0,46.0,,,,,,,1.0,2.0,,,,,,,,,,,1.0,2.0,1.0,1.0,7.7,8.0,0,0,0
981,,,,,,,,,0.0,0.0,,,5.0,0.0,,,2.0,3.0,581.0,626.0,,,0.0,0.0,,,,,13.0,97.0,,,,,,,1.0,2.0,,,,,,,,,,,1.0,2.0,1.0,1.0,7.2,7.4,0,0,0
1235,,,0.05,0.05,0.811,0.996,,,,,0.0,0.0,8.0,3.0,,,0.5,3.0,736.0,546.0,,,,,0.0,0.0,1.5,1.5,,33.0,,,,,0.003,0.003,,,,,1.0,1.0,,,,,1.0,1.0,,,,0.5,7.58,7.95,0,0,0
502,,,0.05,0.05,,,,,,,0.0,0.0,,,2.5,1.5,,,248.0,204.0,0.0,,,,0.0,0.0,1.39,1.19,55.0,37.0,,,,,,,,,,,0.0,0.0,,,,,0.0,0.0,,,0.3,0.2,7.8,8.0,0,0,0
705,,,0.08,0.08,0.978,0.978,,,,,0.0,0.0,3.0,9.0,,,3.0,3.0,377.0,377.0,,,,,0.0,0.0,1.17,1.17,24.0,24.0,,,,,0.003,0.003,,,,,1.0,1.0,,,,,1.0,1.0,,,0.5,0.5,7.36,7.82,0,0,1
1727,5.0,,0.13,0.29,,0.078,,,,,0.0,0.0,123.0,,,,6.8,5.7,525.0,519.0,,,,,0.0,0.0,,,58.0,,30.4,,,,,,1.0,2.0,,,,,8.4,6.5,,,,,1.0,2.0,0.59,29.0,7.48,7.43,0,0,0
344,,,0.05,0.05,,,,,,,0.0,0.0,0.0,,,,0.0,0.0,224.0,336.0,0.0,,,,0.0,0.0,,,46.0,20.0,,,,,,,1.0,1.0,,,,,,,,,,,1.0,1.0,1.0,1.0,7.8,7.8,0,0,0
284,,,0.05,0.05,,,,,,,17.0,0.0,224.0,19.0,,,0.0,0.0,141.0,179.0,4.0,0.0,,,0.0,0.0,1.1,1.3,,,,,,,,,1.0,1.0,,,,,,,,,,,1.0,1.0,1.0,1.0,7.3,7.7,1,0,1
767,,,0.06,0.04,,,,,,,0.0,0.0,0.0,,5.0,10.0,,,733.0,777.0,,,,,0.0,0.0,,,132.0,43.0,,,,,,,,,,,0.0,0.0,,,,,0.0,0.0,,,0.3,0.3,7.2,7.2,0,0,0
1096,5.0,5.0,0.24,0.16,0.126,0.13,116.0,105.0,0.0,0.0,,,4.0,0.0,,,2.0,2.0,633.0,594.0,0.0,0.0,0.0,0.0,,,0.62,0.52,185.0,3.7,40.0,8.8,0.45,0.5,0.069,0.309,4.0,4.0,1.8,1.8,,,59.6,42.5,17.0,16.0,,,16.0,4.0,4.1,1.0,7.7,8.0,1,0,0
546,,,0.19,,,,,,,,0.0,0.0,,3.0,,,10.0,11.2,544.0,552.0,,0.0,,,0.0,0.0,,,215.0,879.0,,,,,,,1.0,1.0,,,,,,,11.5,,,,1.0,1.0,1.1,1.19,7.55,7.56,1,1,0
676,,5.0,,0.11,,0.8,,53.0,,,0.0,0.0,300.0,9.0,,,5.6,4.0,662.0,691.0,0.0,0.0,,,0.0,0.0,,0.58,,71.0,,30.0,,1.0,,0.004,2.0,1.0,,1.92,,,,94.1,17.2,20.0,,,2.0,1.0,0.58,2.3,7.98,8.02,1,0,0
722,,,0.25,0.19,,,,,,,0.0,0.0,29.0,300.0,,,6.0,9.0,696.0,683.0,,,,,0.0,0.0,,,97.0,90.0,,,,,,0.003,,,,,2.0,1.0,,,,,1.0,1.0,,,0.5,0.5,8.09,8.03,0,0,0
760,,,0.08,0.08,,,,,,,0.0,0.0,4.0,42.0,,,8.6,8.0,926.0,922.0,0.0,0.0,,,0.0,0.0,,,,,,,,,,,1.0,3.0,,,,,,,,,,,1.0,3.0,1.9,0.77,7.87,8.08,0,0,0
1775,,,0.05,0.05,,,,,,,0.0,0.0,,,,,0.0,0.0,397.0,395.0,,,,,0.0,0.0,,,23.0,20.0,,,,,,,1.0,1.0,,,,,,,,,,,1.0,1.0,1.0,1.0,7.7,7.7,0,0,1
685,,,0.11,0.19,,,,,0.0,0.0,,,,55.0,,,10.0,17.0,706.0,676.0,,,0.0,0.0,,,,,205.0,2500.0,,14.0,,,,,2.0,4.0,,,,,,,,,,,2.0,4.0,2.0,6.7,6.9,7.2,1,1,0
261,,,3.19,0.11,,,,,,,0.0,0.0,0.0,0.0,,,0.0,0.0,392.0,410.0,0.0,0.0,,,0.0,0.0,,,1570.0,66.0,860.0,40.0,,,,,1.0,1.0,3.4,3.3,,,9.9,140.0,1.0,1.0,,,1.0,,1.0,1.0,7.5,7.8,1,0,0
841,5.0,5.0,0.12,0.05,0.725,0.444,133.0,120.0,0.0,6.0,,0.0,39.0,17.0,,,5.0,6.0,713.0,693.0,0.0,0.0,0.0,0.0,,0.0,1.4,0.88,69.0,138.0,6.0,9.0,0.45,0.5,0.01,0.01,4.0,2.0,1.4,0.8,,,75.2,64.9,34.0,34.0,,,4.0,2.0,1.0,1.0,8.0,8.2,0,1,1
441,,,0.05,0.05,,,,,,,0.0,9.0,,,,,0.0,0.0,288.0,401.0,,,,,0.0,0.0,,,233.0,808.0,,,,,,,1.0,1.0,,,,,,,,,,,1.0,1.0,3.0,8.8,8.3,8.0,1,1,0
1215,,,0.05,,,,,,0.0,0.0,,,4.0,0.0,,,2.0,2.0,653.0,756.0,0.0,,0.0,0.0,,,,,30.0,40.0,5.0,11.0,,,,,1.0,2.0,3.2,,,,56.6,,26.0,,,,,2.0,1.0,1.0,8.6,7.8,0,0,0
850,,,,,,,,,0.0,0.0,,,145.0,0.0,,,3.0,3.0,461.0,459.0,0.0,,0.0,0.0,,,,,47.0,50.0,5.0,5.0,,,,,2.0,2.0,,,,,,,,,,,2.0,2.0,1.0,1.0,7.7,7.8,0,0,0
1209,,,,,0.807,0.799,,,,,0.0,0.0,1.0,14.0,,,3.0,3.0,,310.0,,,,,0.0,0.0,0.88,1.08,31.0,11.0,,,,,,,,,,,1.0,1.0,,,,,1.0,1.0,,,0.5,0.5,7.8,7.89,0,0,0
524,,,0.05,0.05,,,,,,,0.0,0.0,,,1.5,1.5,,,302.0,257.0,,0.0,,,0.0,0.0,1.3,0.79,20.0,37.0,,,,,,,,,,,0.0,0.0,,,,,0.0,0.0,,,0.2,0.2,8.2,8.1,0,0,0
197,10.0,,0.05,,0.1,,1.8,,,,0.0,0.0,4.0,0.0,,,0.0,0.0,557.0,558.0,0.0,,,,0.0,0.0,0.2,,30.0,20.0,17.0,10.0,2.0,,0.002,,1.0,1.0,0.9,,,,8.0,,3.4,,,,1.0,1.0,1.0,1.0,7.7,7.5,0,0,0
1082,,5.0,,0.05,,0.5,,13.0,0.0,33.0,,,186.0,300.0,,,3.0,5.0,478.0,547.0,,0.0,0.0,0.0,,,,1.1,40.0,48.0,,5.8,,0.5,,0.01,2.0,2.0,,2.3,,,,32.9,,3.0,,,2.0,2.0,1.0,1.0,7.9,7.8,0,1,0
354,,,0.24,0.19,,,,,,,0.0,0.0,0.0,0.0,,,0.0,0.0,536.0,447.0,0.0,0.0,,,0.0,0.0,,,20.0,20.0,10.0,10.0,,,,,1.0,1.0,1.1,3.0,,,14.0,6.9,16.0,13.0,,,,,1.0,1.0,7.2,7.1,0,0,1
1216,5.0,,0.05,,0.107,,98.0,,0.0,0.0,,,5.0,11.0,,,2.0,2.0,618.0,573.0,0.0,,0.0,0.0,,,0.93,,16.0,,2.0,,0.5,,0.01,,2.0,2.0,1.5,,,,52.3,,26.0,,,,2.0,2.0,1.0,1.0,8.1,8.2,0,0,0
499,,10.0,,0.05,,0.1,,1.7,,,0.0,0.0,4.0,0.0,,,0.0,0.0,411.0,410.0,,0.0,,,0.0,0.0,,0.4,20.0,20.0,10.0,10.0,,1.0,,0.002,1.0,1.0,,0.9,,,,109.0,,5.5,,,1.0,1.0,1.0,1.1,7.6,7.6,0,0,0
471,,,,0.05,,,,,,,0.0,0.0,1.0,1.0,7.0,3.9,,,632.0,609.0,,,,,0.0,0.0,,,64.0,29.0,,36.0,,,,,,,,,0.0,0.0,,,,,0.0,0.0,,,0.5,0.2,7.5,7.6,0,0,0
807,,,0.07,,,,,,0.0,0.0,,,0.0,0.0,5.0,,,5.0,768.0,688.0,0.0,0.0,0.0,0.0,,,,,47.0,136.0,2.6,0.5,,,,,,,,,0.0,0.0,,,,,0.0,0.0,,,1.0,,7.36,7.23,0,0,0
1912,,,0.49,0.28,,,,,0.0,0.0,0.0,,300.0,138.0,,,6.0,5.0,1039.0,970.0,0.0,0.0,0.0,0.0,0.0,,,,160.0,120.0,40.0,12.0,,,,,2.0,4.0,0.72,,,,75.9,,3.0,,,,2.0,4.0,1.6,1.0,7.5,7.6,0,0,0
711,,1.0,,0.05,,0.0259,,14.0,,,0.0,0.0,6.0,44.0,,,5.0,5.0,565.0,552.0,,0.0,,,0.0,0.0,,0.56,120.0,55.0,,1.7,,0.2,,0.003,,,,1.5,1.0,1.0,,8.7,,29.0,1.0,1.0,,,0.5,0.5,7.46,7.57,0,0,0
391,10.0,,0.05,0.05,0.3,,3.6,,,,0.0,0.0,6.0,,,,0.0,0.0,219.0,214.0,0.0,,,,0.0,0.0,1.3,1.2,144.0,21.0,10.0,,1.0,,0.002,,1.0,1.0,1.3,,,,24.0,,12.0,,,,1.0,1.0,1.0,1.0,7.8,8.0,0,0,0
497,10.0,,0.05,,0.1,,4.1,,,,0.0,0.0,146.0,0.0,,,0.0,0.0,403.0,406.0,0.0,,,,0.0,0.0,0.3,,24.0,20.0,10.0,19.0,3.4,,0.002,,1.0,1.0,0.9,,,,3.7,,12.0,,,,1.0,1.0,1.0,2.0,7.6,7.5,0,0,0
744,,,,0.05,,,,25.5,0.0,,,0.0,18.0,21.0,,,9.0,8.0,645.0,715.0,,0.0,0.0,,,0.0,,,610.0,350.0,,16.0,,,,,4.0,,,5.76,,1.0,,,,,,1.0,4.0,,1.0,0.5,7.0,6.91,1,1,0
336,,,0.17,0.497,,,,,0.0,27.0,,,25.0,410.0,,,6.0,9.0,732.0,684.0,0.0,0.0,0.0,0.0,,,,,36.0,180.0,2.0,17.0,,1.0,,0.01,2.0,2.0,2.3,,,,44.8,,4.0,,,,,2.0,1.0,2.0,7.7,8.08,0,1,1
1368,,10.0,0.08,0.05,0.006,0.1,,2.9,,,14.0,0.0,820.0,4.0,,,7.1,0.0,561.0,510.0,65.0,0.0,,,10.0,0.0,,0.1,,20.0,,10.0,,6.2,,0.002,1.0,1.0,,0.9,,,,3.4,16.4,23.0,,,1.0,1.0,0.5,1.0,7.43,7.3,1,0,0
214,,,,0.05,,,,,,,0.0,0.0,0.0,14.0,,,0.0,0.0,545.0,436.0,,0.0,,,0.0,0.0,,,20.0,20.0,11.0,14.0,,,,,1.0,1.0,,2.7,,,,4.1,,7.0,,,1.0,1.0,1.0,1.0,7.3,7.3,0,0,1
1659,,,0.64,0.2,,,,,64.4,0.0,,,168.0,,,,7.0,11.0,699.0,677.0,0.0,,0.0,0.0,,,0.51,,290.0,250.0,100.0,10.0,,,,,,,,,,,,,,,,,,,0.5,2.1,7.4,8.3,1,1,0
1612,,,0.12,0.12,,,,,,,0.0,0.0,0.0,42.0,,,0.0,0.0,338.0,322.0,0.0,0.0,,,0.0,0.0,,,666.0,20.0,314.0,262.0,,,,,1.0,4.0,0.9,1.2,,,3.2,3.8,1.9,4.3,,,,,10.0,1.0,7.2,7.5,1,1,0
417,,,,,,,,,,,0.0,0.0,4.0,0.0,,,0.0,0.0,449.0,423.0,,,,,0.0,0.0,,,145.0,100.0,13.0,10.0,,,,,1.0,1.0,,,,,,,,,,,1.0,1.0,2.3,1.2,7.8,7.5,0,0,0
507,,,,,,,,,,,0.0,0.0,0.0,0.0,,,0.0,0.0,393.0,398.0,,,,,0.0,0.0,,,20.0,101.0,17.0,35.0,,,,,1.0,1.0,,,,,,,,,,,1.0,1.0,1.0,1.0,7.4,7.4,0,0,1
1190,,,,,,,,,0.0,0.0,,,10.0,19.0,,,3.0,2.8,653.0,608.0,,,0.0,0.0,,,,,62.0,47.0,,,,,,,1.0,2.0,,,,,,,,,,,1.0,2.0,1.0,1.0,7.6,7.9,0,0,0
757,,,0.03,0.03,,,,,,,0.0,0.0,0.0,,5.0,5.0,,,449.0,443.0,,,,,0.0,0.0,,,73.0,40.0,,,,,,,,,,,0.0,0.0,,,,,0.0,0.0,,,0.3,0.3,7.5,7.5,0,0,0
1193,,,,,,,,,0.0,0.0,,,15.0,23.0,,,6.0,5.0,631.0,616.0,,,0.0,0.0,,,,,125.0,40.0,,,,,,,2.0,1.0,,,,,,,,,,,2.0,1.0,1.5,1.0,7.4,7.6,0,0,0
1933,,,,0.033,,,,15.0,,,,0.0,,16.0,,5.0,,,,572.0,,0.0,,,,0.0,,0.32,1243.0,59.0,30.0,24.0,,1.7,,0.007,,,,1.0,,0.0,,,,33.0,,0.0,,,,,,7.7,1,0,0
706,,,,,0.993,0.993,,,,,0.0,0.0,2.0,8.0,,,3.0,3.0,326.0,429.0,,,,,0.0,0.0,0.93,0.93,100.0,100.0,,,,,,,,,,,1.0,1.0,,,,,1.0,1.0,,,0.5,0.5,7.38,7.51,0,0,0
316,,,0.05,0.05,,,,,,,0.0,0.0,0.0,4.0,,,0.0,0.0,620.0,481.0,,,,,0.0,0.0,,,38.0,20.0,,,,,,,1.0,1.0,,,,,,,,,,,1.0,1.0,1.0,1.0,7.8,7.6,0,0,0
374,10.0,,0.05,,0.2,,8.3,,,,0.0,0.0,0.0,0.0,,,0.0,0.0,242.0,292.0,0.0,,,,0.0,0.0,1.3,,26.0,104.0,10.0,,1.0,,0.002,,1.0,1.0,1.2,,,,15.0,,4.1,,,,1.0,1.0,1.0,1.0,7.7,8.0,0,0,0
1003,,,0.08,0.05,,,,,,,0.0,0.0,,,,5.0,5.5,,636.0,463.0,,,,,0.0,0.0,,,,71.0,,,,0.7,,0.004,1.0,,,,,0.0,,,,,,0.0,1.0,,0.5,,7.33,7.82,0,0,0
1364,,,0.05,,,,,,,,0.0,0.0,21.0,0.0,,,0.0,0.0,617.0,610.0,,,,,0.0,0.0,,,20.0,,,,,,,,1.0,1.0,,,,,,,,,,,1.0,1.0,1.0,1.0,7.3,7.3,0,0,0
409,10.0,,0.05,,0.1,,14.0,,,,0.0,0.0,138.0,13.0,,,0.0,0.0,617.0,491.0,0.0,,,,0.0,0.0,0.1,,56.0,34.0,10.0,,1.0,,0.002,,1.0,1.0,1.4,,,,5.8,,20.0,,,,1.0,1.0,1.0,1.0,7.6,7.4,0,0,0
839,,5.0,0.05,0.05,,0.161,,81.0,,1.0,,,,5.0,,,2.0,5.0,450.0,507.0,,0.0,,0.0,,,,0.67,20.0,44.0,3.8,20.0,,0.48,,0.01,1.0,4.0,0.64,0.88,,,45.2,43.7,17.0,17.0,,,,4.0,1.0,2.3,7.8,8.0,0,1,0
677,,5.0,,,,0.9,,,,,0.0,0.0,4.0,4.0,,,7.9,6.1,646.0,645.0,,0.0,,,0.0,0.0,,,,,,,,,,,1.0,1.0,,,,,,75.4,5.3,,,,1.0,1.0,2.33,2.2,7.67,7.71,0,0,0
1160,,,0.25,0.25,,,,,,,0.0,0.0,,,,,12.9,12.4,376.0,376.0,,0.0,,,0.0,0.0,,,,183.0,,,,,,,2.0,1.0,,,,,,,,,,,2.0,1.0,0.5,0.5,7.75,7.85,0,0,0
962,5.0,5.0,0.05,0.29,0.317,0.77,74.0,66.0,,,0.0,0.0,42.0,21.0,5.0,5.0,,,669.0,748.0,0.0,0.0,,,0.0,0.0,0.43,0.23,39.0,43.3,3.4,2.0,1.9,3.0,0.01,0.01,,,1.5,1.8,0.0,0.0,45.8,39.5,33.0,37.0,3.0,1.0,,,1.0,,7.92,7.86,0,1,0
938,8.2,,,,0.008,,,,,,0.0,0.0,4.0,5.0,,,7.6,8.8,597.0,505.0,,,,,0.0,0.0,,,,,,,,,,,1.0,1.0,,,,,5.9,,10.0,,,,1.0,1.0,0.54,1.05,7.62,7.91,0,0,0
601,,,0.45,0.05,,,,,,,0.0,0.0,,31.0,1.5,2.6,,,403.0,400.0,,,,,0.0,0.0,,,129.0,20.0,,,,,,,,,,,0.0,0.0,,,,,0.0,0.0,,,0.2,0.3,7.7,7.6,0,0,0
314,,,0.07,0.05,,,,,,,0.0,0.0,0.0,0.0,,,0.0,0.0,595.0,606.0,,,,,0.0,0.0,,,62.0,20.0,,,,,,,1.0,1.0,,,,,,,,,,,1.0,1.0,1.0,1.0,7.3,7.3,0,0,0
1695,,,0.18,0.14,,,,,,,0.0,0.0,0.0,0.0,,,0.0,0.0,451.0,407.0,0.0,0.0,,,0.0,0.0,,,151.0,81.0,10.0,28.0,,,,,8.0,2.0,1.2,2.6,,,98.0,112.0,8.5,5.5,,,,,1.0,1.0,7.5,7.5,0,0,0
1483,,,0.05,0.05,,,,,,,0.0,0.0,2.0,0.0,2.9,2.3,,,353.0,355.0,,,,,0.0,0.0,1.5,1.5,30.0,20.0,,,,,,,,,,,0.0,0.0,,,,,0.0,0.0,,,0.2,0.5,8.0,8.1,0,0,0
1377,,,,,,,,,0.0,0.0,,,78.0,137.0,,,3.0,2.0,632.0,666.0,0.0,0.0,0.0,0.0,,,,,150.0,23.0,22.0,5.0,,,,,2.0,1.0,,,,,,,,,,,2.0,1.0,1.0,1.0,7.7,7.9,0,0,0
1009,,,,,,,,,0.0,0.0,,,300.0,5.0,,,3.0,4.1,612.0,650.0,,,0.0,0.0,,,,,80.0,280.0,170.2,80.0,,,,,1.0,2.0,,,,,,,,,,,1.0,2.0,1.0,3.2,8.1,8.0,1,1,0
630,9.1,20.0,0.16,0.2,0.25,0.28,280.0,286.0,0.0,,0.0,0.0,103.0,143.0,,,6.0,14.6,1029.0,1180.0,0.0,0.0,0.0,,0.0,0.0,0.68,0.63,88.0,264.0,14.4,30.0,1.0,1.0,0.01,0.004,4.0,5.0,2.5,2.9,0.0,1.0,200.1,210.0,3.0,22.0,0.0,1.0,4.0,,1.0,1.62,7.8,8.13,1,1,1
332,,,0.05,0.05,,,,,,,0.0,0.0,0.0,0.0,,,0.0,0.0,622.0,676.0,,,,,0.0,0.0,,,20.0,20.0,,,,,,,1.0,1.0,,,,,,,,,,,1.0,1.0,1.0,1.0,7.0,7.3,0,0,0
484,,,,0.11,,,,,,,0.0,0.0,,,2.8,,,2.3,473.0,470.0,,,,,0.0,0.0,,,39.0,36.0,20.0,20.0,,,,,,,,,0.0,0.0,,,,,0.0,0.0,,,0.2,0.2,7.7,7.5,0,0,0
654,10.0,10.0,0.05,0.05,0.2,0.1,1.6,1.8,,,0.0,0.0,164.0,189.0,,,0.0,0.0,465.0,479.0,0.0,0.0,,,0.0,0.0,0.5,0.4,152.0,159.0,26.0,50.0,1.0,1.0,0.003,0.002,1.0,1.0,1.3,1.3,,,114.0,77.0,13.0,12.0,,,1.0,1.0,2.1,1.7,7.7,7.9,0,0,0
1475,,,0.05,0.18,,,,2.5,,,0.0,0.0,0.0,8.0,,,0.0,0.0,499.0,643.0,0.0,0.0,,,0.0,0.0,,0.1,138.0,866.0,89.0,430.0,,8.2,,0.002,4.0,1.0,1.2,2.1,,,132.0,20.0,4.5,9.6,,,,1.0,1.0,14.0,7.4,7.3,1,1,1
226,,,0.09,0.1,,,,,,,0.0,0.0,0.0,0.0,,,,0.0,397.0,418.0,0.0,0.0,,,0.0,0.0,,,,,,,,,,,,1.0,1.1,1.8,,,6.5,6.2,3.1,3.8,,,,,,1.0,7.3,7.3,0,0,0
1183,,,,,,,,,0.0,13.4,,,0.0,200.0,,,4.0,3.1,759.0,739.0,,,0.0,2.0,,,,,365.0,95.0,,,,,,,4.0,4.0,,,,,,,,,,,4.0,4.0,1.0,1.0,7.6,7.9,1,1,0
1690,,,0.05,,,,,,,,0.0,0.0,,156.0,,,0.0,0.0,367.0,366.0,,,,,0.0,0.0,,,22.0,87.0,,,,,,,1.0,1.0,,,,,,101.0,,,,,1.0,1.0,1.0,1.0,7.7,7.9,0,0,0
393,,,0.13,,,,,,,,0.0,0.0,,0.0,,,0.0,0.0,560.0,566.0,,,,,0.0,0.0,,,43.0,20.0,27.0,14.0,,,,,1.0,1.0,,,,,,,,,,,1.0,1.0,1.0,1.0,7.4,7.4,0,0,0
490,,,0.05,0.06,,,,,,,0.0,0.0,,7.0,2.2,1.7,,,567.0,565.0,,,,,0.0,0.0,,,24.0,20.0,,,,,,,,,,,0.0,0.0,,,,,0.0,0.0,,,0.6,0.3,7.7,7.8,0,0,0
687,,,,0.08,,,461.0,468.0,,,0.0,0.0,,5.0,,,4.8,6.1,1726.0,1752.0,,0.0,,,0.0,0.0,,0.72,,48.8,30.0,30.0,,1.0,,0.017,3.0,1.0,,2.37,,,226.8,208.9,,,,,3.0,1.0,0.5,0.5,7.85,8.19,1,1,0
496,,,0.05,0.05,,,,,,,0.0,0.0,,,,,0.0,0.0,310.0,476.0,,,,,0.0,0.0,,,101.0,27.0,10.0,10.0,,,,,1.0,1.0,,,,,,,,,,,1.0,1.0,1.0,1.0,7.1,7.5,0,0,0
276,5.9,1.4,0.13,0.1,0.394,0.401,62.9,80.7,,,0.0,0.0,45.0,35.0,2.0,4.0,2.0,,886.0,876.0,0.0,0.0,,,0.0,0.0,1.1,1.14,160.0,150.0,50.0,38.0,21.5,18.7,0.003,0.006,2.0,1.0,1.8,1.0,,,45.3,70.0,54.0,42.8,,,1.0,2.0,0.43,0.77,8.0,8.0,0,0,1
547,,,0.05,0.11,,,,,,,0.0,0.0,,300.0,,,0.0,0.0,472.0,633.0,,,,,0.0,0.0,,,85.0,112.0,10.0,155.0,,,,,1.0,1.0,,,,,,,,,,,1.0,1.0,1.0,1.0,7.1,7.3,0,1,0
357,,,0.05,0.05,,,,,,,0.0,0.0,0.0,0.0,,,0.0,0.0,449.0,515.0,,,,,0.0,0.0,,,,,,,,,,,1.0,1.0,,,,,,,,,,,1.0,1.0,1.0,1.0,7.5,7.4,0,0,0
1105,,,,0.22,,,,,,0.0,,,,4.0,,,2.0,2.0,517.0,428.0,,0.0,,0.0,,,1.3,,15.0,23.0,,550.0,,,,,4.0,4.0,,1.2,,,,68.1,,10.0,,,4.0,,1.0,1.3,7.8,8.1,0,1,0
829,,,0.18,0.25,,,,,0.0,0.0,,,4.0,0.0,,,13.0,2.0,633.0,662.0,0.0,,0.0,0.0,,,,,990.0,23.0,15.0,5.0,,,,,8.0,1.0,0.8,,,,73.6,,24.0,,,,1.0,1.0,3.0,1.0,7.7,7.8,1,0,0
1065,,,,,0.803,0.699,,,,,0.0,0.0,7.0,7.0,,,3.0,3.0,543.0,540.0,,,,,0.0,0.0,1.5,1.44,,,,,,,,,,,,,1.0,1.0,,,,,1.0,1.0,,,0.5,0.5,7.52,7.54,0,0,0
610,,,,,,,,,,,0.0,0.0,0.0,0.0,,,0.0,0.0,316.0,413.0,,,,,0.0,0.0,,,20.0,20.0,10.0,10.0,,,,,1.0,1.0,,,,,,,,,,,1.0,1.0,1.0,1.0,7.5,7.2,0,0,0
350,,,0.05,0.05,,,,,,,0.0,0.0,5.0,0.0,,,0.0,0.0,566.0,568.0,,,,,0.0,0.0,,,20.0,20.0,10.0,,,,,,1.0,1.0,,,,,,,,,,,1.0,1.0,1.0,1.0,7.3,7.3,0,0,0
949,,,0.05,0.05,,,,41.0,,0.0,0.0,,16.0,72.0,,,2.0,,675.0,,0.0,,,0.0,0.0,,,,21.0,43.0,2.0,5.0,0.98,,0.01,,1.0,,0.6,0.8,,,160.9,146.4,6.0,3.0,,,,,1.0,,6.9,7.2,0,0,1
310,,,0.05,0.05,,,,,,,0.0,0.0,45.0,27.0,,,0.0,0.0,197.0,291.0,,,,,0.0,0.0,2.0,1.9,20.0,20.0,,10.0,,,,,1.0,1.0,,,,,,,,,,,1.0,1.0,1.0,1.0,8.0,7.7,1,1,0
1664,,,0.05,0.05,,,,1.0,,,0.0,0.0,0.0,0.0,,,0.0,,475.0,470.0,0.0,0.0,,,0.0,0.0,,,100.0,523.0,10.0,14.0,,,,,1.0,1.0,1.5,1.0,,,115.0,126.0,4.8,5.3,,,,,1.0,1.0,7.6,7.7,0,1,0
633,,11.0,,0.061,,0.757,,183.0,,,0.0,0.0,4.0,25.0,,,9.3,20.7,980.0,978.0,,0.0,,,0.0,0.0,,0.53,,186.0,,30.0,,0.01,,0.01,,,,2.32,0.0,3.0,,194.0,,2.4,0.0,3.0,,,1.38,1.6,8.21,8.22,0,0,0
1402,5.0,,0.07,0.16,0.717,,60.0,,0.0,15.0,,0.0,9.0,30.0,,,4.0,2.0,516.0,524.0,0.0,,0.0,0.0,,,1.3,1.1,90.0,20.0,5.0,6.0,0.45,,0.01,,2.0,1.0,1.3,,,,80.6,,3.0,,,,2.0,1.0,1.0,1.0,7.8,8.1,0,1,0
1195,,5.0,,0.05,,0.198,,11.0,0.0,0.0,,,6.0,4.0,,,4.0,4.0,617.0,595.0,,0.0,0.0,0.0,,,,0.53,58.0,20.9,,24.9,,0.65,,0.01,2.0,2.0,,2.5,,,,20.9,,3.0,,,2.0,2.0,1.0,1.0,7.6,7.7,0,0,0
193,,,0.1,0.08,,,,,,,0.0,0.0,30.0,16.0,,,5.3,11.5,618.0,622.0,0.0,0.0,,,0.0,0.0,,,,,,,,,,,1.0,1.0,,,,,,,,,,,1.0,1.0,1.1,1.24,7.55,7.55,0,0,0
1327,5.0,,0.33,,0.301,,20.0,,0.0,,,0.0,0.0,1.0,,,3.0,7.0,599.0,709.0,0.0,,0.0,,,0.0,1.04,,100.0,200.0,2.0,,0.52,,0.01,,4.0,,1.4,,,1.0,48.1,,33.0,,,1.0,4.0,,1.0,0.5,7.3,7.43,0,0,0
271,9.2,50.0,0.08,0.05,,0.22,209.0,236.8,,,0.0,0.0,65.0,73.0,,,12.0,23.9,998.0,995.0,0.0,0.0,,,0.0,0.0,0.51,0.8,98.0,97.0,30.0,19.0,1.0,0.039,0.006,0.008,4.0,4.0,1.09,0.8,,1.0,175.4,200.0,2.8,0.32,,1.0,4.0,4.0,0.87,1.84,8.05,8.0,0,0,0
828,,,,0.22,,,,,0.0,0.0,,,12.0,19.0,,,2.0,3.0,590.0,623.0,,,0.0,0.0,,,,,52.0,50.0,80.0,106.0,,,,,2.0,1.0,,,,,,,,,,,2.0,1.0,1.0,1.0,7.7,7.9,1,1,0
987,,,,,,,,,0.0,0.0,,,110.0,6.0,,,3.0,3.0,522.0,489.0,,,0.0,0.0,,,,,110.0,59.0,,,,,,,2.0,2.0,,,,,,,,,,,2.0,2.0,1.0,1.0,7.1,7.5,0,0,0
396,,,0.2,0.1,,0.255,246.0,41.0,,,0.0,0.0,5.0,0.0,,,,,1468.0,1516.0,0.0,0.0,,,0.0,0.0,0.62,0.79,50.0,50.0,10.0,10.0,1.0,1.0,0.003,0.01,,,1.9,1.4,0.0,0.0,,,1.0,1.0,0.0,0.0,,,0.5,0.5,7.4,7.4,0,0,0
1769,,5.0,0.11,0.08,,0.014,,7.3,,,0.0,3.0,,124.0,,,22.3,15.0,178.0,273.0,,0.0,,,0.0,0.0,,0.25,,364.0,,36.0,,1.0,,0.012,1.0,1.0,,2.59,,,,8.8,,26.7,,,1.0,1.0,0.92,0.89,7.55,7.8,0,1,1
196,,5.0,0.14,0.08,,0.7,,14.4,,,0.0,0.0,0.0,3.0,,,3.2,5.4,599.0,620.0,0.0,0.0,,,0.0,0.0,,0.52,,44.8,,30.0,,1.0,,0.004,1.0,2.0,,0.78,,,,66.0,,18.2,,,1.0,2.0,0.5,0.54,7.84,7.86,0,0,0
567,,,0.03,0.03,,,,,,,0.0,0.0,0.0,,5.0,5.0,,,394.0,397.0,,,,,0.0,0.0,,,10.0,10.0,1.1,,,,,,,,,,0.0,0.0,,,,,0.0,0.0,,,0.3,0.5,7.7,7.7,0,0,0
1165,,,0.31,,,,,,0.0,0.0,,,36.0,83.0,,,4.0,4.0,497.0,525.0,,,0.0,0.0,,,,,12.0,,,,,,,,1.0,2.0,,,,,,,,,,,1.0,2.0,1.0,1.0,7.1,7.4,0,0,0
608,,,,,,,,,,,0.0,0.0,0.0,0.0,,,0.0,0.0,414.0,524.0,,,,,0.0,0.0,,,20.0,21.0,10.0,10.0,,,,,1.0,1.0,,,,,,,,,,,1.0,1.0,1.0,1.0,7.5,7.3,0,0,0
395,10.0,,0.05,,0.1,,7.0,,,,0.0,0.0,0.0,0.0,,,0.0,0.0,492.0,412.0,0.0,,,,0.0,0.0,0.1,,20.0,20.0,10.0,,3.9,,0.002,,1.0,1.0,1.1,,,,1.9,,7.3,,,,1.0,1.0,1.0,1.0,7.4,7.4,0,0,0
506,,,,,,,,,,,0.0,0.0,0.0,0.0,,,0.0,0.0,460.0,455.0,,,,,0.0,0.0,,,25.0,20.0,10.0,10.0,,,,,1.0,1.0,,,,,,,,,,,1.0,1.0,1.0,1.0,7.4,7.3,0,0,1
475,10.0,,0.05,0.05,0.1,,11.0,,,,0.0,0.0,2.0,1.0,5.9,8.0,,,544.0,538.0,0.0,,,,0.0,0.0,0.1,,21.0,20.0,39.0,20.0,1.0,,0.002,,,,1.4,,0.0,0.0,4.1,,28.0,,0.0,0.0,,,0.2,0.2,7.6,7.7,0,0,0
593,,,,,,,,,,,0.0,0.0,54.0,0.0,,,0.0,0.0,381.0,399.0,,,,,0.0,0.0,,,85.0,243.0,26.0,27.0,,,,,1.0,1.0,,,,,,,,,,,1.0,1.0,1.0,2.4,7.5,7.4,0,1,0
1474,,,,0.05,,0.13,,,,2.0,0.0,,5.0,300.0,,,3.0,2.0,766.0,,,0.0,,0.0,0.0,,,,,20.0,,2.0,,,,,1.0,2.0,,2.0,,,,,,32.0,,,1.0,,3.1,1.0,7.5,7.9,0,1,0
779,,,0.05,0.05,,,,,,,0.0,0.0,0.0,0.0,,,0.0,0.0,336.0,328.0,0.0,0.0,,,0.0,0.0,,,20.0,20.0,10.0,18.0,,,,,1.0,1.0,1.0,1.3,,,83.0,107.0,1.2,1.3,,,,,1.0,1.0,7.7,7.7,0,0,0
482,10.0,10.0,0.05,0.05,0.3,0.3,1.9,2.1,,,2.0,0.0,0.0,0.0,6.1,3.5,0.0,0.0,473.0,476.0,0.0,0.0,,,2.0,0.0,1.0,1.0,20.0,20.0,10.0,10.0,1.0,1.0,0.002,0.002,1.0,1.0,1.5,1.4,0.0,0.0,15.0,15.0,5.0,5.7,0.0,0.0,1.0,1.0,1.0,1.0,7.9,7.9,1,0,0
2208,5.0,,,,0.113,,,,0.0,0.0,,,4.0,194.0,,,3.0,2.0,479.0,538.0,,,0.0,0.0,,,,,120.0,71.0,59.2,57.4,,,,,2.0,2.0,,,,,,,,,,,2.0,2.0,1.8,2.4,7.6,7.9,1,1,1
704,,,,0.05,,,,11.0,0.0,0.0,,,,3.0,,,6.0,5.0,691.0,596.0,0.0,0.0,0.0,0.0,,,,0.15,,26.0,,3.0,,9.9,,0.01,1.0,2.0,,2.2,,,,6.5,,28.0,,,1.0,2.0,1.0,1.0,7.1,7.3,0,0,0
693,,,0.15,,,,,,,,0.0,0.0,7.0,0.0,,,13.2,12.9,893.0,891.0,0.0,0.0,,,0.0,0.0,,,,,,,,,,,1.0,2.0,,,,,,,,,,,1.0,2.0,1.65,1.43,7.91,7.66,0,0,0
840,,,0.05,0.05,,,,,0.0,,,,,,,,2.0,2.0,708.0,747.0,0.0,,0.0,,,,0.8,0.72,51.0,20.0,5.0,5.0,,,,,1.0,1.0,,,,,,,,,,,1.0,1.0,1.0,1.0,7.6,7.9,0,0,1
702,4.0,,0.08,0.08,0.129,,205.0,,,,0.0,0.0,0.0,,,,7.4,5.9,589.0,979.0,0.0,,,,0.0,0.0,1.2,,102.4,,30.0,,1.0,,0.004,,1.0,1.0,1.06,,,,101.9,,2.8,,,,1.0,1.0,0.51,0.5,7.74,7.8,0,0,0
303,,1.0,0.06,0.08,,0.334,,71.5,,,0.0,0.0,19.0,32.0,2.0,2.0,,,746.0,650.0,,0.0,,,0.0,0.0,,1.09,,160.0,,28.0,,1.2,,0.006,1.0,1.0,,0.56,,,,54.0,,12.0,,,1.0,1.0,0.18,0.89,7.8,8.0,0,0,0
529,,,,,,,,,,,0.0,0.0,0.0,0.0,,,0.0,0.0,310.0,416.0,,,,,0.0,0.0,1.0,1.4,20.0,,,,,,,,1.0,1.0,,,,,,,,,,,1.0,1.0,1.0,1.0,7.6,7.6,0,0,0
432,26.0,,0.32,,0.089,,3.0,,0.0,,0.0,0.0,63.0,63.0,,,5.0,10.0,505.0,454.0,0.0,,0.0,,0.0,0.0,0.26,,280.0,20.0,8.9,,0.45,,0.01,,4.0,1.0,0.8,,,,13.6,,3.0,,,,4.0,1.0,3.7,1.0,7.6,7.4,1,0,0
1349,5.0,5.0,0.09,0.08,0.285,0.1,54.0,71.0,0.0,0.0,0.0,,83.0,3.0,,,4.0,14.0,675.0,757.0,0.0,0.0,0.0,0.0,0.0,,0.48,0.37,780.0,151.0,7780.0,2.6,1.2,0.5,0.01,0.01,4.0,2.0,2.8,0.8,,,34.8,32.1,41.0,41.0,,,2.0,2.0,33.0,9.5,7.4,7.6,1,0,1
1418,,,,,,,,,0.0,0.0,,,17.0,49.0,,,3.0,2.0,386.0,428.0,0.0,0.0,0.0,0.0,,,,,27.0,55.0,21.0,49.0,,,,,2.0,2.0,,,,,,,,,,,2.0,2.0,1.0,1.0,7.8,8.1,0,0,0
781,,,0.05,0.05,,,,33.0,0.0,4.0,0.0,,0.0,300.0,,,4.0,8.0,379.0,407.0,0.0,0.0,0.0,0.0,0.0,,,,30.0,136.0,5.0,8.0,,4.2,,,1.0,2.0,3.5,3.6,,,6.7,7.5,30.0,20.0,,,,1.0,1.0,1.4,7.0,8.24,0,1,1
1385,,,0.05,0.05,,,,,0.0,0.0,,,4.0,0.0,,,2.0,4.0,420.0,456.0,,,0.0,0.0,,,,,27.0,57.0,3.5,5.0,,,,,4.0,2.0,1.2,1.4,,,43.3,38.0,8.0,10.0,,,4.0,2.0,1.0,1.0,7.8,8.1,0,0,0
675,5.0,,,,0.754,,,,,,0.0,0.0,0.0,3.0,,,6.9,3.6,594.0,577.0,,,,,0.0,0.0,,,,,,,,,,,1.0,1.0,,,,,83.2,,8.6,,,,1.0,1.0,0.7,0.5,7.84,7.94,0,0,0
836,,,0.05,1.1,,,87.0,196.0,0.0,22.0,,,7.0,300.0,,,3.0,5.0,509.0,856.0,,,0.0,0.0,,,,,30.0,195.0,5.0,1041.0,,,,,1.0,8.0,,,,,,,,,,,1.0,8.0,1.0,1.9,7.7,8.1,0,1,1
882,5.0,,0.81,0.05,0.057,,231.0,,0.0,,,,0.0,,,,5.0,,1045.0,,0.0,,0.0,,,,0.39,,33.0,35.0,13.0,5.0,0.45,,0.01,,4.0,,1.4,,,,186.4,,3.0,,,,4.0,,3.4,,7.9,,1,0,0
243,50.0,,0.027,0.02,0.19,,4.8,,,,0.0,,,,,,5.0,5.0,538.0,532.0,0.0,,,,0.0,0.0,1.4,,33.0,,11.0,,0.1,,0.025,,,,1.0,,,,54.0,,63.0,,,,,,0.5,0.5,8.3,8.2,0,0,0
1083,,,,,,,,,0.0,0.0,,,9.0,6.0,,,3.0,4.0,534.0,596.0,,,0.0,0.0,,,,,70.0,20.0,,,,,,,2.0,1.0,,,,,,,,,,,2.0,1.0,1.0,1.0,7.8,7.7,0,0,0
927,,,0.05,0.05,,,,,0.0,,,0.0,,13.0,,,3.0,2.0,353.0,385.0,,,0.0,0.0,,,1.39,1.2,61.0,20.0,5.0,5.0,,,,,1.0,2.0,,,,,,,,,,,1.0,2.0,1.0,1.0,7.8,8.0,0,0,0
1155,,,,,0.917,1.0,,,,,0.0,0.0,10.0,12.0,,,3.0,3.0,432.0,673.0,,,,,0.0,0.0,0.58,1.05,20.0,23.0,,,,,,,,,,,1.0,1.0,,,,,1.0,2.0,,,0.5,0.5,7.36,8.04,0,0,0
508,,,,,,,,,,,0.0,0.0,0.0,0.0,,,0.0,0.0,427.0,441.0,,,,,0.0,0.0,,,25.0,20.0,10.0,10.0,,,,,1.0,1.0,,,,,,,,,,,1.0,1.0,1.0,1.0,7.5,7.5,0,0,0
703,9.1,,0.19,0.13,0.035,,12.0,,0.0,0.0,,0.0,279.0,26.0,,,7.0,6.0,622.0,626.0,0.0,0.0,0.0,0.0,,0.0,0.22,,80.0,120.0,33.8,29.0,0.45,,0.01,,4.0,2.0,1.7,4.0,,1.0,9.0,,23.0,,,1.0,4.0,2.0,1.1,1.0,7.4,7.3,0,0,0
1413,10.4,,0.15,,0.905,,20.0,,0.0,,,0.0,10.0,8.0,,,2.0,3.0,534.0,623.0,0.0,,0.0,,,0.0,0.66,,20.0,130.0,153.0,37.0,0.45,,0.01,,1.0,,0.8,,,1.0,49.0,,32.0,,,1.0,1.0,,1.0,0.5,7.4,7.51,1,0,0
1031,,,0.21,0.23,,,,,0.0,0.0,,,11.0,18.0,,,11.0,11.3,166.0,149.0,,,0.0,0.0,,,,,140.0,131.0,16.0,17.0,,,,,4.0,2.0,,,,,,,,,,,4.0,2.0,1.0,2.2,8.0,8.2,0,0,0
335,10.0,,0.05,0.05,0.1,,2.1,,,,0.0,0.0,0.0,0.0,,,0.0,0.0,551.0,540.0,0.0,0.0,,,0.0,0.0,0.2,,29.0,64.0,11.0,10.0,1.3,,0.002,,1.0,1.0,2.7,,,,154.0,,1.0,,,,1.0,1.0,1.0,1.0,7.5,7.2,0,0,0
384,10.0,10.0,0.05,0.05,0.2,0.2,74.0,45.0,,,0.0,0.0,0.0,9.0,,,0.0,0.0,800.0,796.0,0.0,0.0,,,0.0,0.0,0.6,0.4,35.0,52.0,10.0,10.0,2.2,1.0,0.002,0.002,1.0,1.0,1.0,1.2,,,44.0,29.0,167.0,105.0,,,1.0,1.0,1.0,1.0,7.8,7.8,0,0,0
326,,,0.09,0.05,,,,,,,0.0,0.0,0.0,0.0,,,0.0,0.0,475.0,582.0,,,,,0.0,0.0,,,35.0,20.0,,,,,,,1.0,1.0,,,,,,,,,,,1.0,1.0,1.0,1.0,7.2,7.3,0,0,0
342,,,0.05,0.05,,,,,,,0.0,0.0,0.0,4.0,,,0.0,0.0,462.0,457.0,,,,,0.0,0.0,,,20.0,20.0,,,,,,,1.0,1.0,,,,,,,,,,,1.0,1.0,1.0,1.0,7.5,7.5,0,0,0
199,10.0,,0.05,0.05,0.1,,1.8,,,,0.0,0.0,96.0,0.0,,,0.0,0.0,420.0,493.0,0.0,0.0,,,0.0,0.0,0.2,,80.0,34.0,20.0,32.0,2.7,,0.002,,1.0,1.0,2.6,2.6,,,5.6,5.7,1.3,1.0,,,1.0,1.0,1.0,1.0,7.3,7.2,0,0,1
282,,,0.05,,,,,,,,100.0,0.0,102.0,0.0,,,0.0,0.0,633.0,660.0,0.0,0.0,,,0.0,0.0,,,,,10.0,10.0,,,,,1.0,,1.1,1.3,,,16.0,14.0,29.0,1.0,,,,1.0,1.0,1.0,7.2,7.2,1,0,0
1135,5.0,5.0,,0.08,0.034,0.031,,10.5,,,0.0,0.0,,67.0,,,,15.0,,559.0,,0.0,,,,0.0,,0.63,,477.0,,30.0,,1.0,,0.008,,1.0,,2.18,,,6.4,7.7,,14.3,,,,,,2.65,,7.41,0,1,1
1939,,,0.05,,,,,,,,0.0,0.0,0.0,0.0,,,0.0,0.0,388.0,347.0,,,,,0.0,0.0,,,20.0,608.0,,,,,,,1.0,1.0,,,,,,,,,,,1.0,1.0,1.0,6.4,7.6,7.5,0,1,0
1322,,,,,,,,,,,0.0,0.0,4.0,43.0,,,3.0,3.0,919.0,916.0,,,,,0.0,0.0,,1.3,20.0,21.0,,,,,,,,,,,1.0,1.0,,,,,1.0,1.0,,,0.5,0.5,7.62,7.49,0,0,0
1109,,,0.12,0.18,,,10.0,,0.0,0.0,,,185.0,0.0,,,5.0,15.0,291.0,259.0,0.0,,0.0,0.0,,,0.19,,280.0,340.0,18.0,,0.45,,0.01,,6.0,2.0,0.56,,,,8.2,,31.0,,,,6.0,2.0,1.0,1.4,7.8,8.1,1,1,1
723,,5.0,0.23,0.09,,0.026,,23.0,,,0.0,0.0,52.0,300.0,,,3.0,3.0,739.0,716.0,,0.0,,,0.0,0.0,,0.43,130.0,80.0,29.0,29.0,,0.22,,0.035,,1.0,,1.04,1.0,1.0,,25.0,,47.0,1.0,1.0,,,0.6,0.5,7.73,7.66,0,0,0
940,,5.0,,0.21,,0.2,,43.0,0.0,16.0,,,0.0,0.0,,,3.0,4.0,381.0,379.0,,0.0,0.0,0.0,,,,0.73,135.0,200.0,,136.8,,0.5,,0.01,2.0,4.0,,0.8,,,,36.2,,9.0,,,2.0,4.0,1.0,1.0,7.8,8.0,0,1,1
503,,10.0,,0.05,,0.1,,1.1,,,0.0,0.0,0.0,0.0,,,0.0,0.0,402.0,405.0,,0.0,,,0.0,0.0,,0.3,20.0,20.0,10.0,10.0,,1.0,,0.002,1.0,1.0,,0.9,,,,108.0,,3.1,,,1.0,1.0,1.0,1.1,7.5,7.5,0,0,0
1736,,,,0.08,,,,,,,0.0,0.0,4.0,3.0,,,0.0,8.6,534.0,669.0,,0.0,,,0.0,0.0,,,,49.8,,30.0,,,,,1.0,3.0,,,,,,,,,,,1.0,,1.7,0.5,7.2,7.33,0,0,0
1100,,,0.98,1.2,,,,136.0,0.0,0.0,0.0,,300.0,300.0,,,10.0,13.0,875.0,806.0,,0.0,0.0,0.0,0.0,,,0.69,52.0,40.0,11.0,5.0,,2.7,,0.227,4.0,2.0,,4.8,,,,73.7,,3.0,,,4.0,2.0,1.0,1.0,7.6,7.9,1,1,0
322,,,0.05,0.05,,0.1,,,,,0.0,0.0,0.0,46.0,,,0.0,0.0,395.0,354.0,0.0,0.0,,,0.0,0.0,,0.45,20.0,20.0,10.0,175.0,,,,,1.0,1.0,1.1,2.2,,,5.5,6.2,11.0,12.0,,,,,1.0,1.0,7.5,7.3,0,1,1
187,,,0.05,0.05,,,,,,,0.0,0.0,4.0,0.0,,,0.0,0.0,348.0,498.0,,,,,0.0,0.0,,,20.0,20.0,10.0,10.0,,,,,1.0,1.0,,,,,,,,,,,1.0,1.0,1.0,1.0,7.4,7.6,0,0,0
1154,,,0.05,0.05,0.96,0.998,,,,,0.0,0.0,4.0,10.0,,,3.0,3.0,342.0,324.0,,,,,0.0,0.0,0.87,0.84,,,,,,,0.003,,,,,,1.0,1.0,,,,,1.0,1.0,,,0.5,0.5,7.66,7.94,0,0,0
165,5.0,5.0,0.08,0.08,0.189,0.2,278.0,226.0,,,0.0,0.0,4.0,4.0,,,7.0,7.8,1167.0,1170.0,0.0,0.0,,,0.0,0.0,0.94,0.45,52.9,74.0,30.0,30.0,1.0,1.0,0.004,0.004,1.0,1.0,2.85,1.66,,,138.3,126.1,3.6,13.8,,,1.0,1.0,1.52,0.5,7.84,7.91,1,0,0
545,,10.0,,0.05,,0.1,,18.0,,,0.0,0.0,6.0,16.0,,,0.0,0.0,582.0,390.0,,0.0,,,0.0,0.0,,0.2,42.0,20.0,10.0,10.0,,35.0,,0.003,1.0,1.0,,1.3,,,,6.8,,25.0,,,1.0,1.0,1.0,1.0,7.6,7.5,0,0,0
1524,,,,,,,,,,,0.0,0.0,0.0,0.0,,,0.0,0.0,278.0,313.0,,,,,0.0,0.0,,,36.0,20.0,20.0,90.0,,,,,1.0,1.0,,,,,,,,,,,1.0,1.0,1.0,1.0,7.4,7.3,0,1,1
2209,,5.0,0.25,,,0.1,,58.0,14.6,,,0.0,300.0,300.0,,,7.0,4.0,626.0,821.0,0.0,,0.0,,,0.0,,0.73,2685.0,100.0,360.0,20.0,,0.2,,0.003,2.0,,2.6,,,1.0,11.6,,48.0,,,1.0,,,19.0,0.5,7.0,6.99,1,0,1
587,,,0.21,0.09,,,,,,,0.0,0.0,,3.0,4.3,4.5,,,656.0,421.0,,,,,0.0,0.0,,,79.0,141.0,26.0,,,,,,,,,,0.0,0.0,,,,,0.0,0.0,,,0.2,0.7,7.5,7.9,0,0,0
827,,,0.05,,,,,,0.0,2.0,,,4.0,142.0,,,3.0,7.0,488.0,465.0,,,0.0,0.0,,,,,38.0,144.0,5.0,32.0,,,,,1.0,2.0,,,,,,,,,,,1.0,2.0,1.0,1.0,7.8,8.2,0,1,0
923,5.0,,0.13,0.14,0.824,,58.0,,0.0,,,0.0,35.0,,,,4.0,2.0,467.0,495.0,0.0,,0.0,,,,1.2,1.2,54.0,20.0,15.7,5.0,1.2,,0.01,,1.0,2.0,0.64,,,,73.4,,3.0,,,,1.0,2.0,1.0,1.0,7.8,8.1,0,0,0
298,10.0,,0.05,,0.1,,1.7,,,,0.0,0.0,12.0,43.0,,,0.0,0.0,463.0,459.0,0.0,,,,0.0,0.0,0.1,,20.0,20.0,10.0,10.0,1.9,,0.002,,1.0,1.0,0.8,,,,4.7,,7.3,,,,1.0,1.0,1.0,1.0,7.4,7.4,0,0,0
494,,,0.05,0.05,,,,,,,0.0,0.0,,0.0,1.5,2.1,,,477.0,481.0,,,,,0.0,0.0,,,24.0,20.0,,,,,,,,,,,0.0,0.0,,,,,0.0,0.0,,,0.2,0.9,7.6,7.7,0,0,0
1669,,,0.05,0.05,,,,,,,0.0,0.0,0.0,0.0,,,0.0,0.0,563.0,497.0,0.0,0.0,,,0.0,0.0,,,44.0,20.0,14.0,10.0,,,,,1.0,1.0,2.8,2.9,,,116.0,128.0,18.0,19.0,,,,,1.0,1.0,7.3,7.1,0,0,1
726,,,0.17,0.5,,1.0,,30.0,,,0.0,0.0,300.0,27.0,,,3.0,3.0,707.0,635.0,0.0,,,,0.0,0.0,1.98,1.5,200.0,170.0,20.0,20.0,,0.2,,0.017,,,,1.12,2.0,2.0,104.0,77.0,,2.0,2.0,2.0,,,1.0,0.5,7.85,7.73,1,0,1
584,,,,0.25,,,118.9,,,,0.0,0.0,94.0,0.0,5.0,5.0,,,869.0,1230.0,0.0,0.0,,,0.0,0.0,,,102.0,,,,,,,,,,,,1.0,0.0,,,75.0,,0.0,1.0,,,1.1,1.0,7.3,8.1,0,0,0
1249,,,0.73,0.05,,,,,,0.0,0.0,,300.0,300.0,,,6.0,4.0,875.0,962.0,,,,0.0,0.0,,,,20.0,42.0,310.0,796.7,,,,,1.0,2.0,,,,,,,,,,,1.0,2.0,1.0,1.0,7.5,7.7,1,1,1
926,,5.0,0.05,0.05,,0.76,,58.0,0.0,,,,,,,,3.0,2.0,450.0,503.0,,,0.0,,,,0.55,1.3,51.0,28.3,5.0,2.0,,0.61,,0.01,2.0,2.0,,1.5,,,,71.3,,3.0,,,2.0,2.0,1.0,1.0,7.8,8.1,0,0,0
445,,,0.05,,,,,,,,0.0,0.0,0.0,61.0,,,0.0,0.0,354.0,466.0,,,,,0.0,0.0,,,20.0,20.0,10.0,10.0,,,,,1.0,1.0,,,,,,,,,,,1.0,1.0,1.0,1.0,7.9,7.5,0,0,0
1223,,,0.05,,,,,,,,0.0,0.0,130.0,0.0,,,0.0,0.0,553.0,567.0,0.0,,,,0.0,0.0,,,162.0,20.0,,,,,,,1.0,1.0,,,,,,,,,,,1.0,1.0,1.0,1.0,7.3,7.4,0,0,0
731,,5.0,3.5,3.3,,,,9.0,0.0,0.0,,,28.0,300.0,,,14.0,15.0,646.0,697.0,0.0,0.0,0.0,0.0,0.0,,,1.49,64.0,170.0,,2.0,,0.5,,0.01,8.0,4.0,,4.5,,,,38.9,,3.0,,,8.0,4.0,1.3,1.0,7.6,7.9,1,1,1
885,10.0,10.0,0.05,0.11,0.1,0.1,15.0,20.0,,,0.0,44.0,6.0,50.0,2.8,5.9,0.0,0.0,634.0,655.0,0.0,0.0,,,0.0,0.0,0.1,0.2,44.0,53.0,10.0,20.0,38.0,47.0,0.002,0.002,1.0,1.0,1.2,1.0,0.0,0.0,9.0,7.3,33.0,34.0,0.0,0.0,1.0,1.0,1.0,1.2,7.7,7.7,0,1,1
1490,,,0.05,0.05,,,440.0,348.0,2419.6,0.0,,,91.0,,,,18.0,19.0,2080.0,1693.0,0.0,,51.2,0.0,,,,,65.0,,9.0,,0.45,,0.01,,2.0,2.0,4.6,,,,223.7,,136.0,,,,2.0,2.0,1.0,1.0,7.0,7.1,1,1,0
510,,,,,,,,,,,0.0,0.0,6.0,0.0,,,0.0,0.0,452.0,455.0,,,,,0.0,0.0,,,24.0,20.0,10.0,25.0,,,,,1.0,1.0,,,,,,,,,,,1.0,1.0,1.0,1.0,7.2,7.8,0,0,0
1714,,,0.08,0.5,,,4.4,,,,0.0,0.0,33.0,0.0,,5.0,6.3,,569.0,503.0,0.0,,,,0.0,0.0,0.61,,40.0,199.0,30.0,,1.0,1.1,0.004,0.006,1.0,,0.3,,,0.0,,,23.9,,,0.0,1.0,,0.92,,7.24,7.56,0,0,0
1375,,,,,,,,,0.0,0.0,,,16.0,20.0,,,5.0,6.0,604.0,627.0,,,0.0,0.0,,,,,22.0,20.0,2.4,5.0,,,,,2.0,2.0,,,,,,,,,,,2.0,2.0,1.0,1.0,7.6,7.9,0,0,0
1767,,,0.08,0.08,,,,,,,5.0,0.0,4.0,,,,8.8,8.5,794.0,788.0,0.0,,,,4.0,0.0,,,,,,,,,,,1.0,1.0,,,,,,,,,,,1.0,1.0,0.5,0.5,7.45,7.5,1,0,0
921,50.0,,0.1,,0.031,,5.0,,,,0.0,0.0,86.0,21.0,4.0,2.0,,,658.0,669.0,0.0,0.0,,,0.0,0.0,0.21,,170.0,130.0,35.0,,0.91,,0.01,,1.0,1.0,1.1,,,,2.72,,4.1,,,,1.0,1.0,0.28,0.18,7.5,8.2,0,0,0
1411,,,,,,,,,,,0.0,0.0,11.0,5.0,,,3.0,4.0,708.0,712.0,,,,,0.0,0.0,,,600.0,18.0,,,,,,,,,,,2.0,1.0,,,,,1.0,1.0,,,0.6,0.5,7.4,7.4,1,0,0
300,5.0,5.0,0.05,0.05,0.01,0.009,16.0,12.0,0.0,2.0,0.0,0.0,13.0,28.0,,,5.0,5.0,715.0,669.0,0.0,0.0,0.0,0.0,0.0,,0.15,0.15,28.0,80.0,5.0,2.0,4.2,4.4,0.01,0.01,4.0,4.0,0.8,2.2,,,5.9,4.5,52.0,57.0,,,4.0,4.0,1.0,3.1,7.4,7.6,0,1,0
292,10.0,,0.05,0.05,0.1,,6.5,,,,0.0,0.0,0.0,6.0,,,0.0,0.0,395.0,473.0,0.0,,,,0.0,0.0,0.2,,20.0,29.0,10.0,,2.0,,0.002,,1.0,1.0,0.9,,,,4.7,,10.0,,,,1.0,1.0,1.0,1.0,7.4,7.5,0,0,0
294,,,0.05,0.05,,,,,,,0.0,0.0,0.0,0.0,,,,0.0,528.0,492.0,0.0,0.0,,,0.0,0.0,,,20.0,20.0,,,,,,,,1.0,1.7,,,,,,,,,,,1.0,,1.0,7.0,7.4,0,0,0
1352,4.0,5.0,0.05,0.24,0.566,0.556,14.0,42.0,,,,,,,,,2.0,2.0,156.0,446.0,,,,,,,0.28,0.81,17.0,165.0,4.0,19.0,0.45,0.45,0.01,0.01,2.0,4.0,1.4,0.64,,,16.7,49.3,3.0,7.0,,,2.0,4.0,1.0,1.0,7.5,7.9,0,0,0
1171,,,0.05,0.05,,,,,0.0,0.0,,,,14.0,,,12.0,15.0,486.0,473.0,,,0.0,0.0,,,0.3,0.46,28.0,25.0,5.0,5.0,,,,,2.0,2.0,,,,,,,,,,,2.0,2.0,1.0,1.0,7.4,7.7,0,0,0
519,,,,,,,,,,,0.0,0.0,4.0,0.0,,,0.0,0.0,399.0,276.0,,,,,0.0,0.0,,,730.0,20.0,360.0,10.0,,,,,1.0,1.0,,,,,,,,,,,1.0,1.0,6.3,1.0,7.4,7.3,1,0,0
819,5.0,5.0,0.21,0.23,0.473,0.188,8.0,10.0,0.0,0.0,,,4.0,227.0,,,8.0,9.0,602.0,634.0,0.0,0.0,0.0,0.0,,,0.54,0.92,180.0,155.0,16.7,17.2,0.45,3.4,0.01,0.059,2.0,4.0,1.4,2.5,,,17.2,37.0,8.0,15.0,,,2.0,4.0,1.4,1.1,7.4,7.7,0,0,0
438,10.0,,0.05,,0.1,,7.3,,,,0.0,0.0,4.0,0.0,,,0.0,0.0,588.0,596.0,0.0,,,,0.0,0.0,0.6,,56.0,20.0,10.0,15.0,2.1,,0.003,,1.0,1.0,0.9,,,,5.8,,34.0,,,,1.0,1.0,1.0,1.0,7.4,7.4,0,0,0
1395,,,,,,,,,,,0.0,0.0,0.0,0.0,,,0.0,0.0,412.0,413.0,,,,,0.0,0.0,,,20.0,20.0,10.0,10.0,,,,,1.0,1.0,,,,,,,,,,,1.0,1.0,1.0,1.0,7.3,7.3,0,0,0
1316,,5.0,,0.05,0.97,1.82,,106.0,,,0.0,0.0,86.0,3.0,,,7.9,2.9,628.0,692.0,,,,,0.0,0.0,,1.6,186.0,106.0,,2.0,,0.5,,0.01,,1.0,,1.3,,,,102.1,,30.0,,,,,1.0,1.0,7.7,8.47,0,1,0
312,,,0.05,0.05,,,,,,,7.0,0.0,4.0,0.0,,,0.0,0.0,605.0,737.0,,,,,0.0,0.0,,,21.0,20.0,10.0,,,,,,1.0,1.0,,,,,,,,,,,1.0,1.0,1.0,1.0,7.4,7.2,1,0,0
1291,,,0.08,0.08,,,,,,,4.0,0.0,4.0,,,,5.1,8.0,548.0,548.0,0.0,0.0,,,0.0,0.0,,,,,,,,,,,1.0,1.0,,,,,,,,,,,1.0,1.0,0.68,0.5,7.25,8.01,1,0,0
880,,5.0,,0.28,,0.653,,56.0,0.0,0.0,,,0.0,0.0,,,,2.0,,491.0,,0.0,0.0,0.0,,,,0.67,,18.0,,30.3,,0.45,,0.01,,2.0,,1.2,,,,57.9,,3.0,,,,2.0,,1.0,,7.8,0,0,0
421,40.0,40.0,0.208,0.177,0.025,0.02,29.7,37.5,,0.0,0.0,0.0,0.0,49.0,,,7.7,13.3,369.0,386.0,0.0,0.0,,,0.0,0.0,0.15,0.15,40.0,128.0,2.0,30.0,1.0,1.39,0.334,0.384,1.0,2.0,2.9,3.2,1.0,1.0,16.5,13.4,31.6,23.9,1.0,1.0,,,0.81,1.05,7.5,7.54,0,0,0
670,,,0.15,0.11,,,,177.0,,,0.0,0.0,0.0,3.0,,,10.8,7.7,872.0,885.0,0.0,0.0,,,0.0,0.0,,0.42,549.0,531.0,53.0,81.3,,1.0,,0.008,1.0,1.0,,1.92,,,,,,2.8,,,1.0,1.0,1.62,2.35,8.08,8.18,1,1,0
348,,,0.05,0.354,,,,,0.0,0.0,0.0,,4.0,57.0,,,10.0,12.0,635.0,640.0,0.0,0.0,0.0,0.0,0.0,,,,130.0,192.0,6.0,26.0,,1.7,,0.017,1.0,1.0,3.2,,,,31.9,,7.0,,,,,1.0,1.4,1.9,7.5,8.13,0,0,0
290,,,0.05,0.05,,,,,,,0.0,0.0,0.0,5.0,,,0.0,0.0,525.0,581.0,,,,,0.0,0.0,,,44.0,88.0,,,,,,,1.0,1.0,,,,,,,,,,,1.0,1.0,1.0,1.0,7.6,7.6,0,0,0
2301,,5.0,,0.05,,0.072,,107.0,0.0,0.0,,,300.0,32.0,,,3.0,4.0,591.0,650.0,0.0,0.0,0.0,0.0,,,,0.61,40.0,99.0,27.0,5.0,,0.45,,0.01,2.0,2.0,,0.8,,,,53.5,,9.0,,,2.0,2.0,1.0,1.0,7.6,8.0,0,0,0
416,,10.0,0.05,0.05,,,,4.7,,,0.0,0.0,0.0,22.0,,,0.0,0.0,416.0,357.0,0.0,0.0,,,0.0,0.0,,,197.0,640.0,10.0,10.0,,,,,1.0,1.0,1.7,2.6,,,4.3,4.5,3.8,4.5,,,,1.0,2.0,8.3,7.2,7.5,0,1,0
1240,,,0.37,0.13,,,,,0.0,0.0,,,142.0,300.0,,,10.0,14.0,217.0,228.0,,,0.0,0.0,,,,,79.0,120.0,5.0,5.0,,,,,4.0,8.0,,,,,,,,,,,4.0,8.0,1.0,1.0,7.9,7.6,0,0,0
267,,,,,,,,,,,0.0,0.0,0.0,12.0,,,0.0,0.0,239.0,267.0,,,,,0.0,0.0,,,20.0,26.0,11.0,10.0,,,,,1.0,1.0,,,,,,,,,,,1.0,1.0,1.0,1.0,7.7,7.4,0,0,0
392,,10.0,,0.05,,0.1,,1.0,,,0.0,4.0,4.0,0.0,,,0.0,0.0,346.0,315.0,,0.0,,,0.0,0.0,,0.3,20.0,20.0,10.0,10.0,,1.0,,0.002,1.0,1.0,,1.2,,,,2.8,,2.0,,,1.0,1.0,1.0,1.0,7.5,7.4,0,1,0
457,,,0.05,0.12,,,,,,,0.0,70.0,,4.0,4.7,3.6,,,588.0,599.0,0.0,0.0,,,0.0,0.0,0.19,0.36,902.0,513.0,48.0,25.0,,,,,,,,,0.0,0.0,,,,,0.0,0.0,,,5.5,4.2,8.1,7.5,1,1,0
892,,,0.05,0.05,,,,,,,0.0,0.0,,,3.1,1.5,,,493.0,487.0,,,,,0.0,0.0,,,39.0,29.0,20.0,20.0,,,,,,,,,0.0,0.0,,,,,0.0,0.0,,,0.5,0.2,7.7,7.6,0,0,0
1378,,,0.14,0.24,,,,,,,0.0,0.0,31.0,300.0,,,0.0,0.0,354.0,462.0,0.0,0.0,,,0.0,0.0,,,135.0,43.0,18.0,16.0,,,,,1.0,1.0,1.6,2.6,,,102.0,85.0,1.0,1.0,,,1.0,1.0,1.6,1.0,7.7,7.5,0,0,0
359,10.0,,0.05,,0.4,,2.1,,,,0.0,0.0,0.0,15.0,,2.0,0.0,,194.0,448.0,0.0,0.0,,,0.0,0.0,1.3,1.2,20.0,100.0,10.0,,2.0,,0.002,,1.0,1.0,0.8,,,,19.0,,4.5,,,,1.0,1.0,1.0,0.18,7.6,7.7,0,0,0
609,,,,,,,,,,,0.0,0.0,0.0,51.0,,,0.0,0.0,457.0,573.0,,,,,0.0,0.0,,,22.0,20.0,10.0,30.0,,,,,1.0,1.0,,,,,,,,,,,1.0,1.0,1.0,1.0,7.4,7.3,0,0,0
595,,,0.11,,,,,,,,0.0,0.0,0.0,0.0,,,0.0,0.0,602.0,530.0,,,,,0.0,0.0,,,33.0,20.0,,,,,,,1.0,1.0,,,,,,,,,,,1.0,1.0,1.0,1.0,7.3,7.2,0,0,0
752,4.0,5.0,0.08,0.1,0.149,,224.0,225.0,,0.0,0.0,0.0,136.0,87.0,,,9.1,10.2,1012.0,1018.0,0.0,0.0,,0.0,0.0,0.0,0.88,0.84,172.0,198.4,30.0,30.0,1.0,1.0,0.008,0.008,1.0,1.0,0.74,1.02,,,103.4,107.9,3.6,2.8,,,1.0,1.0,1.46,1.73,8.03,8.13,0,0,0
182,5.0,5.0,0.21,0.21,0.105,0.1,102.0,81.9,,,0.0,0.0,136.0,89.0,,,11.6,10.6,700.0,757.0,0.0,0.0,,,0.0,0.0,0.68,0.58,60.4,59.2,66.2,30.0,1.0,1.0,0.004,0.004,3.0,5.0,0.83,2.26,,,61.1,50.4,2.8,2.8,,,3.0,5.0,1.27,1.89,7.92,7.8,1,0,0
1224,,,0.05,,,,,,,,0.0,0.0,14.0,6.0,,,0.0,0.0,588.0,591.0,,,,,0.0,0.0,,,20.0,,,,,,,,1.0,1.0,,,,,,,,,,,1.0,1.0,1.0,1.0,7.4,7.4,0,0,0
461,10.0,,0.05,0.05,0.1,,9.7,,,,0.0,0.0,0.0,4.0,,,0.0,0.0,562.0,573.0,0.0,,,,0.0,0.0,0.1,,26.0,91.0,10.0,,2.7,,0.002,,1.0,1.0,2.0,,,,5.8,,56.0,,,,1.0,1.0,1.0,1.0,7.3,7.2,0,0,0
533,,,0.05,0.05,,,,,,,0.0,0.0,0.0,4.0,,,0.0,0.0,536.0,549.0,,,,,0.0,0.0,,,234.0,65.0,13.0,10.0,,,,,1.0,1.0,,,,,,,,,,,1.0,1.0,2.6,1.0,7.0,7.0,1,0,0
1194,,,,,,,,,0.0,0.0,,,0.0,41.0,,,13.0,5.0,676.0,664.0,,,0.0,0.0,,,,,1170.0,20.0,,,,,,,4.0,2.0,,,,,,,,,,,4.0,2.0,4.6,1.0,7.6,7.7,1,0,0
260,,,0.05,0.05,,,,,,,,0.0,0.0,0.0,,,0.0,0.0,328.0,477.0,0.0,,,,0.0,0.0,,,54.0,20.0,,,,,,,1.0,1.0,,,,,,,,,,,1.0,1.0,1.0,1.0,7.4,7.4,0,0,0
1792,,,0.1,0.08,,,,,,,0.0,0.0,80.0,0.0,,,,8.8,972.0,791.0,0.0,0.0,,,0.0,0.0,,,,,,,,,,,,1.0,,,0.0,,,,,,0.0,,,1.0,0.5,0.95,7.9,7.12,0,0,0
845,,5.0,,0.05,,0.2,,31.0,,0.0,,,,9.0,,,2.0,5.0,319.0,350.0,,3.0,,0.0,,,,0.7,18.0,29.0,5.0,50.0,,0.66,,0.01,2.0,4.0,,1.1,,,,31.1,,19.0,,,2.0,4.0,1.0,1.0,7.6,8.1,0,1,0
370,,,0.05,0.05,,,,,,,0.0,0.0,11.0,0.0,,,0.0,0.0,673.0,652.0,,,,,0.0,0.0,,,20.0,22.0,,,,,,,1.0,1.0,,,,,,,,,,,1.0,1.0,1.0,1.0,7.4,7.3,0,0,0
1595,,,0.57,,,0.255,,5.4,,,0.0,0.0,57.0,49.0,,,12.0,14.0,651.0,799.0,0.0,,,,0.0,0.0,,0.41,6600.0,10.0,58.2,38.0,,0.2,,0.003,2.0,,6.3,3.92,,1.0,46.2,,13.0,,,2.0,,,50.0,0.5,6.9,7.29,1,0,0
1774,,,,0.52,,,,139.0,0.0,0.0,,,9.0,4.0,,,3.0,4.0,881.0,736.0,,0.0,0.0,0.0,,,,0.45,19.0,200.0,5.0,50.0,,0.5,,0.01,1.0,4.0,,2.2,,,,44.9,,10.0,,,1.0,,1.0,1.0,7.6,8.1,0,1,1
1132,,,0.05,0.05,,,,,,,0.0,0.0,,4.0,5.0,5.0,,,354.0,391.0,0.0,0.0,,,0.0,0.0,,,32.0,58.0,21.1,35.3,,,,,,,,,0.0,0.0,,,,,0.0,0.0,,,,,7.8,7.92,0,0,0
1784,,,0.08,0.08,,,8.6,,,,0.0,0.0,4.0,,,,6.3,6.6,635.0,615.0,0.0,,,,0.0,0.0,0.2,,40.0,,30.0,,17.6,,0.004,,1.0,1.0,0.3,,,,,,14.8,,,,1.0,1.0,1.0,0.97,7.28,7.56,0,0,0
1585,,,0.05,0.05,,,,,,,0.0,0.0,0.0,0.0,,,0.0,0.0,416.0,603.0,,,,,0.0,0.0,,,20.0,20.0,10.0,11.0,,,,,1.0,1.0,,,,,,,,,,,1.0,1.0,1.0,1.0,7.1,7.2,0,0,0
1770,,5.0,0.19,0.17,,0.016,,4.0,,,0.0,0.0,,,,,15.0,12.4,155.0,180.4,,0.0,,,0.0,0.0,,0.37,,544.0,,30.0,,1.0,,0.013,1.0,1.0,,1.7,,,,5.8,,2.8,,,1.0,1.0,0.68,1.2,7.72,7.78,0,1,1
1000,,,0.05,0.08,,,,,0.0,,,0.0,,,5.0,,,7.4,472.0,557.0,,,0.0,,,0.0,,,124.0,,,,0.89,,0.004,,,1.0,,,0.0,,,,,,0.0,,,1.0,,0.73,7.45,7.39,0,0,0
644,,,,,,,,,,,0.0,0.0,4.0,26.0,,,0.0,0.0,439.0,429.0,,,,,0.0,0.0,,,27.0,111.0,83.0,42.0,,,,,1.0,1.0,,,,,,,,,,,1.0,1.0,1.0,1.3,7.3,7.4,1,0,0
302,4.0,5.0,0.33,0.19,0.79,0.648,61.0,67.0,0.0,0.0,0.0,,300.0,60.0,,,4.0,2.0,657.0,644.0,0.0,0.0,0.0,0.0,0.0,,0.82,0.76,24.0,19.0,20.0,2.0,0.58,0.45,0.016,0.01,2.0,2.0,1.0,1.4,,,57.3,61.3,3.0,3.0,,,2.0,2.0,1.0,1.0,7.9,8.0,0,0,0
2108,10.0,10.0,0.05,0.05,0.1,0.1,1.0,1.4,,,0.0,0.0,300.0,6.0,,,0.0,0.0,367.0,441.0,0.0,0.0,,,0.0,0.0,0.1,0.1,50.0,20.0,12.0,10.0,1.1,1.2,0.01,0.002,1.0,1.0,0.8,1.0,,,2.0,2.6,1.8,2.0,,,1.0,1.0,2.0,1.0,7.6,7.6,0,0,0
1323,,,0.05,,,,,,,,0.0,0.0,3.0,3.0,,,6.0,3.0,1022.0,1013.0,,,,,0.0,0.0,0.87,,20.0,31.0,,,,,,,,,,,1.0,1.0,,,,,1.0,1.0,,,0.5,0.5,7.3,7.28,0,0,0
210,,,0.05,0.05,,,,,,,0.0,0.0,0.0,4.0,,,0.0,0.0,343.0,504.0,,,,,0.0,0.0,,,20.0,20.0,10.0,10.0,,,,,1.0,1.0,,,,,,,,,,,1.0,1.0,1.0,1.0,7.4,7.2,0,0,0
1820,,5.0,0.38,0.34,,,,,,,0.0,0.0,,,,,11.2,13.9,348.0,349.0,,,,,0.0,0.0,,,,,,,,,,,1.0,1.0,,,,,,11.4,,,,,1.0,1.0,0.5,0.5,7.78,7.84,0,0,0
652,5.0,,,,0.679,,,,,,0.0,0.0,7.0,3.0,,,5.8,5.9,907.0,962.0,,,,,0.0,0.0,,,,,,,,,,,1.0,1.0,,,,,51.6,,110.0,,,,1.0,1.0,2.97,2.5,7.45,7.44,0,0,0
338,10.0,,0.05,0.05,0.1,,2.2,,,,0.0,0.0,0.0,,,,0.0,0.0,561.0,555.0,0.0,,,,0.0,0.0,0.1,,20.0,20.0,10.0,10.0,1.0,,0.002,,1.0,1.0,0.8,0.8,,,4.4,,3.2,2.9,,,1.0,1.0,1.0,1.0,7.3,7.3,0,0,0
1044,,5.0,,0.05,,3.4,,135.0,0.0,0.0,,0.0,7.0,173.0,,,2.0,2.0,735.0,807.0,0.0,0.0,0.0,0.0,,0.0,,0.66,59.0,37.0,5.0,28.0,,0.5,,0.013,1.0,2.0,,1.2,,,,46.8,,26.0,,,1.0,2.0,1.4,2.4,7.8,8.0,0,1,0
358,,,,,,,,,,,0.0,0.0,7.0,6.0,,2.0,0.0,,269.0,392.0,,0.0,,,0.0,0.0,1.1,1.0,,80.0,,,,,,,1.0,1.0,1.1,1.5,,,,,,,,,1.0,1.0,1.0,0.18,7.4,7.5,0,0,0
505,,,,,,,,,,,0.0,0.0,10.0,0.0,,,0.0,0.0,332.0,325.0,,,,,0.0,0.0,,,33.0,21.0,10.0,10.0,,,,,1.0,1.0,,,,,,,,,,,1.0,1.0,1.0,1.0,7.6,7.7,0,0,0
318,,,0.05,0.05,,,,,,,0.0,0.0,0.0,0.0,,,0.0,0.0,516.0,620.0,,,,,0.0,0.0,,,20.0,20.0,10.0,10.0,,,,,1.0,1.0,,,,,,,,,,,1.0,1.0,1.0,1.0,7.3,7.2,0,0,0
514,,,,,,,,,,,0.0,0.0,0.0,33.0,,,0.0,0.0,395.0,301.0,,,,,0.0,0.0,,,20.0,20.0,10.0,10.0,,,,,1.0,1.0,,,,,,,,,,,1.0,1.0,1.0,1.0,7.5,7.3,0,0,0
278,20.0,10.0,0.37,0.4,0.1,0.1,58.0,48.0,,,0.0,0.0,7.0,3.0,10.0,10.0,,0.0,920.0,866.0,0.0,0.0,,,0.0,0.0,0.32,0.3,132.0,41.0,8.6,18.0,0.69,1.0,0.1,0.07,,1.0,,2.6,0.0,0.0,30.0,26.0,43.0,38.0,0.0,0.0,,1.0,0.5,1.0,7.9,7.9,0,0,0
698,,,0.08,,,,,,,,0.0,0.0,6.0,0.0,,,10.1,9.1,667.0,654.0,0.0,0.0,,,0.0,0.0,,,,,,,,,,,1.0,1.0,,,,,,,16.2,,,,1.0,1.0,0.7,0.5,7.23,7.15,0,0,0
622,,,0.08,0.09,,,,,,,0.0,0.0,0.0,,,,15.0,7.0,961.0,942.0,0.0,,,,0.0,0.0,,,513.0,97.8,30.0,52.1,,,,,4.0,8.0,,,,,,,,,,,4.0,5.0,2.08,0.76,7.92,7.86,1,0,0
1092,5.0,,0.05,,0.133,,100.0,,1.0,0.0,,,60.0,168.0,,,4.0,5.0,570.0,551.0,0.0,0.0,0.0,0.0,,,0.63,,22.0,,5.5,,0.45,,0.01,,2.0,4.0,0.64,,,,51.4,,13.0,,,,2.0,4.0,1.0,1.0,7.9,8.1,1,0,1
563,,,0.06,,,,,,,,0.0,0.0,,12.0,,,5.0,0.0,576.0,580.0,,,,,0.0,0.0,,,703.0,22.0,210.0,21.0,,,,,1.0,1.0,,,,,,,,,,,1.0,1.0,5.0,1.0,7.3,7.4,1,0,1
216,,,,,,,,,,,0.0,0.0,0.0,54.0,,,0.0,0.0,509.0,495.0,,,,,0.0,0.0,,,84.0,64.0,10.0,62.0,,,,,1.0,1.0,,,,,,,,,,,1.0,1.0,1.0,1.0,6.8,7.4,0,1,0
1107,5.0,,0.25,,0.444,,61.0,,0.0,2.0,,,38.0,14.0,,,4.0,7.0,634.0,652.0,0.0,,0.0,0.0,,,1.16,,200.0,386.0,5.0,,0.45,,0.01,,1.0,2.0,1.9,,,,75.6,,5.0,,,,1.0,2.0,1.0,2.8,7.5,8.0,0,1,0
173,10.0,36.0,0.09,0.06,0.3,0.3,4.3,6.2,,,0.0,0.0,0.0,,,,0.0,0.0,434.0,412.0,0.0,,,,0.0,0.0,1.1,1.5,99.0,86.0,10.0,10.0,1.0,1.0,0.01,0.012,1.0,1.0,1.1,1.1,,,27.0,27.0,8.0,9.2,,,1.0,1.0,1.6,2.0,7.7,7.5,0,0,0
511,,,,,,,,,,,0.0,0.0,0.0,0.0,,,0.0,0.0,337.0,325.0,,,,,0.0,0.0,,,20.0,20.0,10.0,169.0,,,,,1.0,1.0,,,,,,,,,,,1.0,1.0,1.0,1.0,7.4,7.4,0,1,1
467,10.0,,0.05,0.35,0.1,,1.0,,,,0.0,0.0,6.0,46.0,9.9,7.3,,5.0,458.0,607.0,0.0,,,,0.0,0.0,0.2,,67.0,290.0,10.0,,2.8,,0.03,,,,1.4,,0.0,0.0,4.8,,2.6,,0.0,0.0,,,0.7,3.1,7.8,7.8,0,1,0
594,,,,,,,,,,,0.0,0.0,0.0,0.0,,,0.0,0.0,475.0,497.0,,,,,0.0,0.0,,,53.0,20.0,,,,,,,1.0,1.0,,,,,,,,,,,1.0,1.0,1.0,1.0,7.3,7.2,0,0,0
732,,,0.14,0.18,,,,,0.0,0.0,,,,0.0,,,3.0,4.0,514.0,518.0,,,0.0,0.0,,,,,120.0,470.0,,,,,,,2.0,2.0,,,,,,,,,,,,2.0,1.0,1.0,7.3,7.4,0,1,1
363,10.0,,0.05,,0.1,,1.9,,,,0.0,0.0,0.0,8.0,,2.0,0.0,,371.0,605.0,0.0,0.0,,,0.0,0.0,0.8,1.1,20.0,150.0,10.0,,2.1,,0.002,,1.0,1.0,0.8,,,,8.5,,4.8,,,,1.0,1.0,1.0,0.18,7.4,7.6,0,0,0
1353,0.006,0.0356,0.12,0.09,0.089,0.104,182.2,186.8,2.0,0.0,0.0,,207.0,53.0,,,4.0,5.0,866.0,950.0,0.0,0.0,0.0,0.0,0.0,,0.56,0.52,60.0,180.0,20.0,20.0,1.4,1.2,0.004,0.004,2.0,4.0,2.2,1.1,1.0,1.0,59.0,64.6,3.3,3.3,,,2.0,4.0,2.5,1.74,7.9,7.8,1,0,1
592,,,0.05,0.06,,,,,,,0.0,0.0,,9.0,4.6,5.7,,,421.0,424.0,,,,,0.0,0.0,,,37.0,61.0,,,,,,,,,,,0.0,0.0,,,,,0.0,0.0,,,0.2,0.2,8.2,7.7,0,0,0
394,20.0,20.0,0.36,0.314,0.24,0.25,250.0,106.0,,,0.0,0.0,7.0,54.0,,,20.0,5.0,1610.0,1603.0,0.0,0.0,,,0.0,0.0,0.61,0.67,43.0,20.0,40.0,16.0,0.11,0.1,0.007,0.007,,,,,,,200.0,200.0,10.0,8.0,,,,,0.5,0.5,8.3,8.3,0,0,0
1713,,,0.05,0.5,,,,,0.0,,,0.0,,0.0,5.0,5.0,,,477.0,535.0,,,0.0,,,0.0,,,75.0,116.0,,,1.06,1.2,0.004,0.008,,,,,0.0,0.0,,,,,0.0,0.0,,,,,7.57,8.06,0,0,0
498,,,0.05,0.05,,,,,,,0.0,0.0,,0.0,,,0.0,0.0,288.0,278.0,,0.0,,,0.0,0.0,,,86.0,20.0,10.0,10.0,,,,,1.0,1.0,,,,,,,,,,,1.0,1.0,1.0,1.0,7.2,7.5,0,0,1
965,,,,0.08,,,,,,,1.0,0.0,4.0,0.0,5.0,,,6.0,417.0,468.0,0.0,0.0,,,0.0,0.0,,,,,,,,,,,,1.0,,,0.0,,,,,,0.0,,,1.0,,0.5,8.13,7.82,1,0,0
1293,,,0.05,0.06,,,,,0.0,0.0,,,25.0,0.0,,,3.0,2.0,442.0,454.0,0.0,0.0,0.0,0.0,,,,,345.0,34.0,,,,,,,2.0,4.0,,,,,,,,,,,2.0,4.0,6.6,1.0,7.7,7.9,1,0,0
735,,,0.05,,,,,,0.0,0.0,,,0.0,0.0,,,3.0,3.2,694.0,708.0,0.0,,0.0,0.0,,,,,29.0,170.0,5.0,,,,,,2.0,,2.8,,,,37.2,,49.0,,,,,,1.0,0.66,7.3,7.7,0,0,0
991,42.1,46.3,0.05,0.05,0.015,1.0,43.0,36.0,0.0,0.0,,,300.0,6.0,,,3.0,3.0,450.0,424.0,0.0,0.0,0.0,0.0,,,0.18,0.15,31.0,73.0,7.0,5.0,1.8,0.5,0.01,0.01,2.0,8.0,4.0,3.2,,,11.4,10.9,31.0,19.0,,,2.0,8.0,1.0,1.0,7.1,7.4,0,0,0
992,,,0.05,,,,,,,,0.0,0.0,12.0,0.0,,,0.0,0.0,493.0,515.0,,,,,0.0,0.0,,,114.0,82.0,,,,,,,1.0,1.0,,,,,,,,,,,1.0,1.0,1.4,1.0,7.3,7.6,0,0,0
235,,,,,,,,,,,0.0,0.0,0.0,0.0,,,0.0,0.0,339.0,462.0,,,,,0.0,0.0,,,26.0,20.0,14.0,10.0,,,,,1.0,1.0,,,,,,,,,,,1.0,1.0,1.0,1.0,7.6,7.6,0,0,0
1593,,,,0.52,,,,,0.0,0.0,,,41.0,300.0,,,6.0,10.0,785.0,703.0,,0.0,0.0,0.0,,,,,,300.0,,1270.0,,,,,2.0,2.0,,5.7,,,,62.3,,3.0,,,2.0,,1.0,1.0,7.3,7.3,0,1,0
1292,,,0.05,0.05,,,,,0.0,0.0,,,31.0,11.0,,,3.0,3.0,518.0,508.0,0.0,0.0,0.0,0.0,,,,,,,,,,,,,1.0,2.0,,,,,,,,,,,1.0,2.0,1.0,1.0,7.3,7.6,0,0,1
738,,,0.05,0.05,,,,,7.5,1.0,0.0,,,83.0,,,7.0,7.0,632.0,543.0,,0.0,0.0,0.0,,,,,345.0,120.0,,10.0,,,,,2.0,2.0,,3.2,,,,6.5,,38.0,,,2.0,,2.1,1.0,7.2,7.2,1,1,0
1794,,,0.36,0.34,,,,,,,0.0,0.0,88.0,42.0,,,,115.0,260.0,268.0,0.0,0.0,,,0.0,0.0,,,,2337.0,,1354.0,,,,,,1.0,,5.7,,,,,,,,,,,,1.95,6.89,7.16,0,1,0
1477,,,0.05,0.07,,,,,,,0.0,0.0,,2.0,1.5,1.5,,,452.0,457.0,,,,,0.0,0.0,,,57.0,112.0,,,,,,,,,,,0.0,0.0,,,,,0.0,0.0,,,0.2,0.5,7.7,7.7,0,0,0
523,10.0,,0.05,,0.1,,2.6,,,,0.0,0.0,0.0,88.0,,,5.0,0.0,399.0,371.0,0.0,,,,0.0,0.0,0.1,,20.0,20.0,12.0,13.0,1.0,,0.002,,1.0,1.0,3.4,,,,3.9,,1.4,,,,1.0,1.0,1.0,1.0,7.2,7.3,0,0,0
1693,,,0.05,0.05,,,,,,,17.0,0.0,,,,,0.0,25.0,413.0,439.0,,,,,0.0,0.0,0.2,0.2,171.0,76.0,,34.0,,,,0.002,1.0,4.0,,,,,,,,,,,1.0,4.0,1.9,1.0,7.9,8.0,1,0,1
874,,5.0,0.33,0.28,,0.055,230.0,217.0,0.0,0.0,,,4.0,10.0,,,4.0,5.0,942.0,930.0,0.0,0.0,0.0,0.0,,,0.5,0.18,87.0,430.0,6.0,67.4,,0.51,0.046,0.023,2.0,2.0,1.7,1.6,,,85.4,71.6,12.0,10.0,,,2.0,2.0,1.0,1.0,7.8,7.9,0,1,0
602,,,,0.05,,,,,,,0.0,0.0,2.0,7.0,1.7,2.2,,,605.0,610.0,,,,,0.0,0.0,,,20.0,80.0,,,,,,,,,,,0.0,0.0,,,,,0.0,0.0,,,0.2,0.2,7.7,7.7,0,0,0
1213,5.0,5.0,0.05,0.05,0.118,0.115,111.0,106.0,0.0,0.0,0.0,,20.0,300.0,,,2.0,15.0,612.0,590.0,0.0,0.0,0.0,0.0,0.0,,0.92,0.64,55.0,100.0,7.0,2.0,0.5,0.77,0.01,0.01,2.0,4.0,1.0,0.8,,,53.6,49.9,24.0,22.0,,,2.0,4.0,1.0,1.0,7.9,7.9,0,0,0
369,,,,,,,,,,,0.0,0.0,0.0,8.0,,,0.0,0.0,387.0,170.0,,,,,0.0,0.0,,,20.0,301.0,110.0,29.0,,,,,1.0,1.0,,,,,,,,,,,1.0,1.0,1.0,3.5,7.5,7.4,1,1,1
1067,5.0,,0.05,,0.173,,20.0,,0.0,0.0,,,0.0,,,0.0,,,,588.0,0.0,,0.0,0.0,,,0.59,,34.0,,2.0,,0.45,,0.01,,,,1.4,,,1.0,15.3,,34.0,,,1.0,,,,18.0,,7.45,0,0,0
1360,,,0.05,0.27,,,,,,,0.0,0.0,,0.0,,,1.0,0.0,430.0,321.0,0.0,0.0,,,0.0,0.0,,,58.0,843.0,10.0,31.0,,,,,4.0,1.0,1.1,1.7,,,100.0,19.0,,1.9,,,,,1.0,3.6,7.9,7.3,0,1,1
1821,,,0.05,0.05,,,,,,,0.0,0.0,0.0,36.0,,,0.0,0.0,636.0,682.0,,,,,0.0,0.0,0.2,,20.0,33.0,,,45.0,43.0,0.002,0.002,1.0,1.0,,,,,5.6,5.3,27.0,30.0,,,1.0,1.0,1.0,1.0,7.5,7.3,0,0,0
1672,,,0.05,,,,,,,,0.0,0.0,,0.0,,,0.0,0.0,33.0,587.0,,,,,0.0,0.0,,,20.0,,10.0,,,,,,1.0,1.0,,,,,,,,,,,1.0,1.0,1.0,1.0,7.5,7.6,0,0,0
175,,,0.05,0.05,,,,,,,0.0,0.0,0.0,0.0,,,0.0,0.0,400.0,384.0,0.0,0.0,,,0.0,0.0,,,23.0,20.0,,,,,,,1.0,1.0,,,,,,,,,,,1.0,1.0,1.0,1.0,7.9,7.6,0,0,0
747,5.0,5.0,0.08,0.08,0.032,0.016,99.0,73.0,,0.0,0.0,0.0,14.0,300.0,,,10.5,13.1,633.0,966.0,0.0,0.0,,0.0,0.0,0.0,0.41,0.39,161.0,57.5,30.0,30.0,1.0,1.0,0.004,0.006,4.0,2.0,0.38,1.79,,,21.4,4.7,15.8,16.2,,,4.0,2.0,1.08,1.43,8.11,8.26,0,0,0
236,,,,,,,,,,,0.0,0.0,0.0,0.0,,,0.0,0.0,324.0,475.0,,,,,0.0,0.0,,,20.0,20.0,10.0,21.0,,,,,1.0,1.0,,,,,,,,,,,1.0,1.0,1.0,1.0,7.6,7.6,0,0,0
710,,1.0,,0.14,,0.0891,,8.2,,,0.0,0.0,1.0,1.0,,,6.0,5.0,496.0,507.0,,0.0,,,0.0,0.0,,0.75,94.0,53.0,,10.7,,0.2,,0.055,,,,1.4,1.0,1.0,,18.6,,16.0,1.0,1.0,,,0.6,0.5,7.45,7.46,0,0,0
308,,10.0,0.05,0.05,,0.4,,4.3,,,0.0,0.0,0.0,0.0,,,0.0,0.0,364.0,541.0,,0.0,,,0.0,0.0,,0.9,,20.0,,10.0,,1.0,,0.002,1.0,1.0,,1.0,,,,14.0,,4.0,,,1.0,1.0,1.0,1.0,7.5,7.4,0,0,0
537,10.0,,0.05,0.05,0.2,,17.0,,,,0.0,0.0,30.0,19.0,,,0.0,0.0,291.0,454.0,0.0,0.0,,,0.0,0.0,0.2,,20.0,20.0,10.0,10.0,1.8,,0.007,,,1.0,0.9,1.2,,,10.0,9.5,26.0,26.0,,,1.0,1.0,1.0,1.0,7.7,7.5,0,0,0
582,,,0.05,0.05,,,,,,,0.0,0.0,,14.0,1.5,1.5,,,207.0,252.0,,,,,0.0,0.0,1.29,1.42,25.0,20.0,,,,,,,,,,,0.0,0.0,,,,,0.0,0.0,,,0.2,0.2,7.8,7.9,0,0,0
1315,,,0.73,,,,,,,,0.0,0.0,7.0,92.0,,,0.0,10.0,871.0,855.0,,,,,0.0,0.0,,,20.0,20.0,,,,,,,2.0,1.0,,,,,,,,,,,1.0,1.0,1.0,1.0,6.7,7.1,1,0,0
1307,,10.0,0.15,0.14,,0.2,,117.0,,,77.0,0.0,54.0,60.0,,,0.0,0.0,706.0,720.0,5.0,0.0,,,4.0,0.0,,0.5,200.0,197.0,10.0,36.0,,1.0,,0.003,1.0,1.0,1.1,1.5,,,,84.0,,1.0,,,1.0,1.0,3.7,3.4,7.5,8.0,1,0,0
330,,,0.05,0.05,,,,,,,0.0,0.0,300.0,0.0,,,0.0,0.0,463.0,565.0,,,,,0.0,0.0,,,20.0,151.0,,,,,,,1.0,1.0,,,,,,,,,,,1.0,1.0,1.0,1.0,7.4,7.3,0,0,0
1724,,,0.94,0.97,,,,,,,0.0,0.0,300.0,300.0,,,5.0,16.0,560.0,481.0,,,,,0.0,0.0,,,160.0,200.0,,,,,,0.025,,,,,2.0,2.0,,,,,1.0,2.0,,,0.6,0.5,8.17,8.01,1,1,0
773,,,0.3,0.05,,,,,,,0.0,0.0,0.0,0.0,5.0,5.0,,3.0,838.0,943.0,0.0,0.0,,,0.0,0.0,,,,20.0,,5.0,,,,,,1.0,,1.5,0.0,0.0,,104.4,,66.0,0.0,0.0,,,0.3,1.0,7.4,7.5,0,0,0
442,10.0,10.0,0.05,0.05,0.1,0.1,3.0,19.0,,,1.0,0.0,34.0,218.0,5.0,5.0,0.0,0.0,719.0,722.0,0.0,0.0,,,0.0,0.0,0.1,0.6,34.0,20.0,10.0,13.0,1.7,13.0,0.02,0.05,1.0,1.0,1.3,1.7,0.0,0.0,3.0,15.0,8.5,68.0,1.0,0.0,1.0,1.0,1.0,1.0,7.39,7.37,1,0,0
381,,,0.05,0.05,,,,,,,0.0,0.0,0.0,0.0,,,0.0,0.0,329.0,580.0,,,,,0.0,0.0,,,20.0,20.0,,,,,,,1.0,1.0,,,,,,,,,,,1.0,1.0,1.0,1.0,7.4,7.5,0,0,0
346,10.0,10.0,0.05,0.06,0.1,0.1,27.0,31.0,,,0.0,0.0,8.0,14.0,5.0,5.0,0.0,0.0,678.0,751.0,0.0,0.0,,,0.0,0.0,0.2,0.3,45.0,100.0,10.0,12.0,1.0,1.6,0.002,0.01,1.0,1.0,1.7,1.3,0.0,0.0,16.0,17.0,48.0,51.0,0.0,0.0,1.0,1.0,1.0,1.0,7.5,7.5,0,0,0
679,,,0.08,,,,,,,,0.0,0.0,4.0,0.0,,,7.5,6.1,849.0,820.0,0.0,0.0,,,0.0,0.0,,,166.0,,,,,,,,1.0,1.0,,,,,,,,,,,1.0,1.0,0.87,0.65,8.08,8.21,0,0,0
345,10.0,,0.05,0.05,0.1,,1.2,,,,0.0,0.0,0.0,0.0,,,0.0,0.0,520.0,517.0,0.0,,,,0.0,0.0,0.2,,20.0,20.0,11.0,,1.0,,0.002,,1.0,1.0,1.7,,,,5.5,,2.1,,,,1.0,1.0,1.0,1.0,7.3,7.3,0,0,0
515,,,,,,,,,,,0.0,0.0,0.0,0.0,,,0.0,0.0,425.0,330.0,,,,,0.0,0.0,,,20.0,20.0,10.0,10.0,,,,,1.0,1.0,,,,,,,,,,,1.0,1.0,1.0,1.0,7.5,7.2,0,0,0
838,,,,,0.896,0.816,,,,,0.0,0.0,17.0,82.0,,,3.0,3.0,,449.0,,,,,0.0,0.0,0.95,1.04,31.0,44.0,,,,,,,,,,,1.0,1.0,,,,,1.0,1.0,,,0.5,0.5,7.49,7.37,0,0,0
2302,,10.0,,0.13,,5.0,,48.0,71.4,1.0,,,53.0,34.0,,,,6.0,,423.0,0.0,0.0,0.0,0.0,,,,0.67,,150.0,,19.4,,0.5,,0.01,,1.0,,1.2,,,,29.2,,31.0,,,,1.0,,1.0,,8.0,1,1,1
635,0.002,0.002,0.092,0.08,0.817,0.333,21.5,21.4,,,0.0,0.0,73.0,4.0,,,15.0,8.1,569.0,567.0,0.0,0.0,,,0.0,0.0,0.76,0.68,0.01,16.0,30.0,30.0,0.01,0.01,0.01,0.01,1.0,2.0,0.5,1.04,,,121.3,128.7,6.9,6.5,,,1.0,2.0,0.89,0.73,8.1,8.2,0,0,1
459,,,0.05,,,,,,,,0.0,0.0,14.0,4.0,,,0.0,0.0,528.0,658.0,,,,,0.0,0.0,,,20.0,,10.0,,,,,,1.0,1.0,,,,,,,,,,,1.0,1.0,1.0,1.0,7.4,7.1,0,0,0
755,,,0.05,0.03,,,,,,,0.0,0.0,0.0,,5.0,5.0,,,542.0,517.0,,,,,0.0,0.0,,,31.0,32.0,,,,,,,,,,,0.0,0.0,,,,,0.0,0.0,,,0.3,0.3,7.5,7.1,0,0,0
1369,,,0.05,0.07,,,2.5,2.5,,,0.0,0.0,0.0,75.0,,,0.0,0.0,479.0,488.0,0.0,0.0,,,0.0,0.0,,,124.0,284.0,13.0,39.0,,1.0,,0.002,1.0,1.0,1.7,2.5,,,114.0,117.0,1.8,2.2,,,,,1.0,1.0,7.6,7.5,0,1,0
994,,5.0,0.044,0.08,,0.418,,18.0,0.0,0.0,,,,3.0,,,8.0,7.0,743.0,717.0,,0.0,0.0,0.0,,,,0.47,10.0,10.0,,3.2,,0.5,,0.01,,2.0,,1.6,,,,35.2,,28.0,,,,2.0,0.5,1.0,7.3,7.5,0,0,0
1273,,,,,,,,,,,0.0,0.0,31.0,24.0,6.3,7.3,,,482.0,491.0,,,,,0.0,0.0,,,34.0,35.0,20.0,20.0,,,,,,,,,0.0,0.0,,,,,0.0,0.0,,,0.3,0.2,7.8,7.8,0,0,0
1184,,,,,,,,,0.0,0.0,,,252.0,4.0,,,2.0,2.0,334.0,323.0,,,0.0,0.0,,,,,47.0,64.0,,,,,,,1.0,2.0,,,,,,,,,,,1.0,2.0,1.0,1.0,7.6,7.9,0,0,0
254,,,,,,,,,,,0.0,0.0,0.0,0.0,,,0.0,0.0,426.0,505.0,,,,,0.0,0.0,,,88.0,20.0,77.0,10.0,,,,,1.0,1.0,,,,,,,,,,,1.0,1.0,1.0,1.0,7.5,7.5,1,0,0
287,20.0,,0.05,,0.3,,3.8,,,,0.0,,0.0,,,,0.0,0.0,129.0,369.0,0.0,,,,0.0,,0.6,,20.0,,10.0,,1.0,,0.002,,1.0,1.0,1.0,,,,35.0,,2.9,,,,1.0,1.0,1.0,1.0,8.6,7.7,0,0,1
1137,,,0.08,0.08,0.017,,,,,,0.0,0.0,,,,,6.9,6.4,627.0,576.0,0.0,,,,0.0,0.0,,,,,,,,,,,1.0,1.0,0.3,,,,,,28.2,,,,1.0,1.0,1.57,0.5,7.25,7.39,0,0,0
939,,20.0,0.08,0.27,,0.16,,33.0,,,0.0,0.0,,36.0,,5.0,10.4,,562.0,591.0,0.0,0.0,,,0.0,0.0,,0.67,,40.0,,8.8,,1.5,,0.007,1.0,,0.77,1.4,,1.0,,590.0,,5.0,,,,,0.5,0.88,7.83,8.1,0,1,0
686,2.7,,0.05,0.05,0.509,,39.0,,,,0.0,0.0,30.0,3.0,,,3.0,3.0,523.0,526.0,,,,,0.0,0.0,1.23,1.5,92.0,,5.6,,0.2,,0.003,0.003,,,0.83,,1.0,1.0,44.8,,7.0,,1.0,1.0,,,0.5,0.5,7.71,7.69,0,0,0
1077,,,0.05,0.05,,,,,,,0.0,0.0,,0.0,5.0,5.0,,,369.0,413.0,0.0,0.0,,,0.0,0.0,,,38.0,52.0,0.5,0.5,,,,,,,,,0.0,0.0,,,,,0.0,0.0,,,,,7.83,7.8,0,0,0
2200,,,0.06,0.05,0.1,0.1,17.0,,,,0.0,0.0,0.0,0.0,,,0.0,0.0,719.0,736.0,5.0,0.0,,,0.0,0.0,,,59.0,20.0,10.0,10.0,1.0,1.0,0.002,0.002,1.0,1.0,1.2,1.5,,,157.0,201.0,28.0,31.0,,,,,1.0,1.0,7.6,7.4,1,0,1
1110,5.0,,0.21,0.24,0.085,,170.0,161.0,0.0,0.0,,,24.0,3.0,,,3.0,4.0,742.0,795.0,0.0,0.0,0.0,0.0,,,1.0,0.96,72.0,86.0,33.0,18.0,4.4,0.89,0.023,0.01,2.0,2.0,1.6,1.6,,,61.3,52.8,19.0,17.0,,,1.0,,1.0,1.4,8.1,8.1,0,0,0
525,,,0.14,0.14,,,,,,,0.0,0.0,,1.0,2.8,2.5,,,520.0,528.0,,,,,0.0,0.0,,,49.0,57.0,,,,,,,,,,,0.0,0.0,,,,,0.0,0.0,,,0.2,0.2,7.7,7.6,0,0,0
1052,,,,0.05,,,,,0.0,0.0,,,24.0,10.0,,,3.0,3.0,551.0,607.0,,,0.0,0.0,,,,,30.0,46.0,5.0,5.0,,,,,1.0,1.0,,,,,,,,,,,1.0,1.0,1.0,1.0,7.7,7.9,0,0,0
429,,,0.08,0.058,,,,,,,0.0,0.0,300.0,23.0,,,10.0,5.0,990.0,878.0,0.0,,,,0.0,0.0,,,72.9,40.0,,,,,0.004,0.045,5.0,,1.0,1.2,1.0,1.0,,,,,1.0,1.0,4.0,,2.24,0.14,8.3,8.3,0,0,0
832,,,0.22,0.26,,,194.0,,0.0,0.0,,,4.0,40.0,,,2.0,9.0,835.0,1044.0,,,0.0,0.0,,,,,18.0,363.0,5.0,50.0,,,,,2.0,4.0,,,,,,,,,,,2.0,4.0,1.0,1.0,8.2,8.0,0,1,0
565,,,,,,,,,,,0.0,0.0,4.0,22.0,,,0.0,0.0,346.0,357.0,,,,,0.0,0.0,,,20.0,20.0,10.0,10.0,,,,,1.0,1.0,,,,,,,,,,,1.0,1.0,1.0,1.0,7.8,7.6,0,0,0
435,,,,0.05,,,,,,,0.0,0.0,3.0,2.0,5.4,6.2,,,473.0,473.0,,,,,0.0,0.0,,,24.0,20.0,,,,,,,,,,,0.0,0.0,,,,,0.0,0.0,,,0.3,0.2,7.9,7.8,0,0,0
1138,,,0.11,0.08,0.728,,,,,,0.0,0.0,,,,,7.3,6.9,469.0,502.0,,,,,0.0,0.0,,,,,,,,,,,1.0,1.0,,,,,,,2.8,,,,1.0,1.0,1.0,1.0,7.97,7.62,0,0,0
1808,5.0,,0.08,0.08,0.015,,,,,,0.0,0.0,,,,,8.1,3.0,593.0,586.0,,,,,0.0,0.0,,,,,,,,,,,1.0,1.0,,,,,2.8,,,,,,1.0,1.0,1.73,0.68,7.37,7.31,0,0,0
574,,,,,,,,,,,0.0,0.0,166.0,94.0,,,0.0,0.0,461.0,451.0,,0.0,,,0.0,0.0,,,20.0,20.0,33.0,18.0,,,,,1.0,1.0,,,,,,,,,,,1.0,1.0,1.0,1.0,7.7,7.5,0,0,0
970,20.0,,0.21,0.17,0.1,,150.0,,,0.0,0.0,,2.0,,,,5.0,5.0,730.0,710.0,0.0,0.0,,0.0,0.0,,0.79,,24.0,20.0,61.0,42.0,0.1,,0.016,,,,,,,,51.0,,22.0,,,,,,0.5,0.5,8.0,8.0,1,0,1
871,4.2,5.0,0.08,0.09,0.154,0.13,208.0,198.0,0.0,0.0,0.0,0.0,33.0,69.0,5.0,5.0,8.3,6.8,970.0,1003.0,0.0,0.0,0.0,0.0,0.0,0.0,0.59,0.69,339.0,131.0,2.0,2.0,0.45,0.45,0.01,0.01,1.0,4.0,1.34,1.2,0.0,0.0,93.6,99.0,3.0,3.0,0.0,0.0,1.0,4.0,1.0,1.0,8.15,8.22,1,0,0
623,10.0,10.0,0.23,,0.1,,2.5,2.6,,,0.0,0.0,0.0,10.0,,,0.0,0.0,336.0,328.0,0.0,0.0,,,0.0,0.0,1.1,,177.0,20.0,10.0,10.0,1.0,1.0,0.002,0.002,1.0,1.0,1.1,1.1,,,12.0,94.0,5.6,4.9,,,,1.0,1.0,1.0,7.3,7.8,0,0,0
281,,,0.14,0.05,,,,,,,0.0,0.0,1.0,0.0,9.8,,,0.0,502.0,403.0,,,,,0.0,0.0,,,20.0,20.0,,,,,,,,1.0,,,0.0,,,,,,0.0,,,1.0,0.4,1.0,7.7,7.6,0,0,0
433,,,0.05,,,,,,,,0.0,0.0,0.0,56.0,,,0.0,0.0,357.0,507.0,,,,,0.0,0.0,,,48.0,20.0,,28.0,,,,,1.0,1.0,,,,,,,,,,,1.0,1.0,1.2,1.0,8.1,7.4,0,0,0
170,,,0.25,0.24,,,29.0,,,,0.0,0.0,17.0,,,,8.8,7.0,631.0,662.0,,,,,0.0,0.0,,,,,,,,1.0,,0.007,5.0,2.0,0.64,,,,,,20.3,,,,5.0,2.0,0.62,1.86,7.74,7.6,0,0,1
225,,,0.05,0.05,,,,,,,0.0,0.0,43.0,9.0,,,,0.0,379.0,370.0,0.0,0.0,,,0.0,0.0,,,20.0,68.0,10.0,10.0,,,,,,1.0,2.0,2.4,,,115.0,114.0,1.0,1.0,,,,,,1.0,7.7,7.7,0,0,0
971,754.0,5.0,0.08,0.08,0.018,0.033,17.7,8.7,,,0.0,0.0,4.0,0.0,,,9.3,6.8,787.0,601.0,0.0,0.0,,,0.0,0.0,0.33,0.33,40.0,45.7,30.0,30.0,18.0,15.6,0.004,0.004,1.0,1.0,0.3,1.5,,,7.0,4.7,27.5,24.4,,,1.0,1.0,0.73,0.97,7.57,7.85,1,0,0
1919,14.1,,0.2,0.21,0.183,,,,,,0.0,0.0,,,,,11.1,10.0,424.0,410.0,,,,,0.0,0.0,,,,,,,,,,,1.0,5.0,,,,,28.0,,,,,,1.0,5.0,1.14,0.62,7.67,7.77,0,0,0
875,5.0,5.0,0.16,0.2,0.524,0.582,27.0,22.0,0.0,2.0,,,125.0,120.0,,,2.0,7.0,520.0,526.0,0.0,0.0,0.0,0.0,,,0.9,0.85,95.0,75.0,9.2,9.1,0.45,0.5,0.01,0.01,2.0,2.0,0.72,1.7,,,35.4,33.7,16.0,19.0,,,2.0,2.0,1.7,1.0,7.5,7.8,0,1,0
207,,,0.24,,,,,,,,0.0,0.0,66.0,4.0,,,0.0,,464.0,,0.0,0.0,,,0.0,0.0,,,20.0,,300.0,,,,,,1.0,,1.5,,,,4.7,,1.0,,,,1.0,,1.0,,7.5,,1,0,0
715,,,,0.05,,,,,0.0,,,0.0,14.0,2.0,,,4.0,3.0,624.0,651.0,0.0,0.0,0.0,,,0.0,,,15.0,50.0,,,,,,,2.0,,,5.6,,1.0,,,,,,1.0,2.0,,1.0,0.5,7.1,7.15,0,1,0
516,10.0,,0.05,,0.1,,14.0,,,,0.0,0.0,0.0,0.0,,,0.0,0.0,352.0,356.0,0.0,,,,0.0,0.0,0.2,,20.0,29.0,82.0,13.0,1.6,,0.002,,1.0,1.0,1.3,,,,6.0,,21.0,,,,1.0,1.0,1.0,1.0,7.5,7.5,1,0,0
579,,,,,,,,,,,0.0,0.0,11.0,0.0,,,0.0,0.0,491.0,496.0,,0.0,,,0.0,0.0,,,20.0,20.0,10.0,10.0,,,,,1.0,1.0,,,,,,,,,,,1.0,1.0,1.0,1.0,7.5,7.4,0,0,0
313,,,0.05,0.05,,,,,,,0.0,0.0,8.0,4.0,,,0.0,0.0,384.0,409.0,,,,,0.0,0.0,,,49.0,20.0,,,,,,,1.0,1.0,,,,,,,,,,,1.0,1.0,1.0,1.0,7.5,7.4,0,0,0
646,1.0,1.0,0.05,0.05,0.174,0.203,22.0,19.0,,,0.0,0.0,40.0,64.0,,,3.0,3.0,716.0,705.0,,0.0,,,0.0,0.0,0.53,1.12,64.0,65.0,0.67,16.0,2.1,0.41,0.003,0.003,,,0.73,0.5,1.0,1.0,18.9,21.6,23.0,25.0,1.0,1.0,,,0.5,0.5,7.6,7.82,0,0,0
462,,,0.05,0.06,,,,,,,0.0,0.0,24.0,6.0,4.0,2.8,,,577.0,558.0,,,,,0.0,0.0,,,42.0,175.0,,,,,,,,,,,0.0,0.0,,,,,0.0,0.0,,,0.2,1.3,7.6,7.8,0,0,0
172,5.0,5.0,0.18,0.21,0.544,0.552,104.0,104.0,,1.0,0.0,2.0,70.0,300.0,,,17.0,13.0,953.0,964.0,0.0,0.0,,0.0,0.0,0.0,1.06,1.08,200.0,200.0,22.0,20.0,0.2,0.27,0.003,0.003,,2.0,4.1,3.52,1.0,1.0,108.0,108.0,22.0,21.0,1.0,1.0,,2.0,2.1,2.5,8.05,8.11,0,1,1
769,,,0.05,0.05,,,,,,,100.0,4.0,300.0,35.0,,,0.0,0.0,464.0,467.0,0.0,0.0,,,0.0,0.0,,,27.0,20.0,10.0,10.0,,,,,1.0,1.0,1.5,1.4,,,4.0,4.3,14.0,16.0,,,1.0,,1.0,1.0,7.6,6.9,1,1,1
382,10.0,10.0,0.12,0.1,0.2,0.2,2.5,3.4,,,0.0,0.0,0.0,9.0,,6.0,0.0,0.0,376.0,424.0,0.0,0.0,,,0.0,0.0,1.1,1.1,105.0,131.0,11.0,10.0,1.0,1.0,0.02,0.02,1.0,1.0,1.3,0.9,,0.0,34.0,34.0,8.5,10.0,,0.0,1.0,1.0,1.8,2.2,7.5,8.05,0,0,0
339,,,0.05,0.177,,,,,,0.0,0.0,,8.0,62.0,,,3.0,3.0,561.0,580.0,0.0,0.0,,0.0,0.0,,,,56.0,106.0,5.0,18.0,,1.5,,0.028,1.0,1.0,1.2,,,,52.4,,20.0,,,,,1.0,1.0,1.1,7.6,8.15,0,0,1
772,,,,,,,,,,,0.0,0.0,0.0,13.0,,,0.0,0.0,274.0,279.0,,,,,0.0,0.0,,,20.0,20.0,10.0,10.0,,,,,1.0,1.0,,,,,,,,,,,1.0,1.0,1.0,1.0,7.9,7.8,0,0,0
566,,10.0,,0.05,,0.1,,1.2,,,0.0,0.0,4.0,4.0,,,0.0,0.0,395.0,400.0,,0.0,,,0.0,0.0,,0.2,20.0,20.0,10.0,10.0,,1.0,,0.002,1.0,1.0,,0.9,,,,3.6,,1.1,,,1.0,1.0,1.0,1.0,7.7,7.3,0,0,0
1507,,,0.05,0.05,,,,,,,,0.0,,0.0,,,0.0,0.0,603.0,534.0,,,,,,0.0,,,20.0,20.0,10.0,,,,,,1.0,1.0,,,,,,,,,,,1.0,1.0,1.0,1.0,7.2,7.3,0,0,0
1303,,76.9,,0.05,,0.285,,43.0,0.0,0.0,,,11.0,4.0,,,2.0,8.0,523.0,485.0,,0.0,0.0,0.0,,,,0.59,45.0,150.0,5.0,14.6,,0.71,,0.01,2.0,2.0,,0.72,,,,47.1,,6.0,,,2.0,2.0,1.3,17.0,7.7,8.0,0,0,1
901,,,,,,,,,0.0,0.0,,,4.0,0.0,,,4.0,2.0,587.0,606.0,,,0.0,0.0,,,,,13.0,22.3,5.0,5.0,,,,,2.0,1.0,,,,,,,,,,,2.0,1.0,3.2,1.0,7.3,7.7,0,0,0
825,,,0.19,0.5,,,,273.0,0.0,3.0,,,7.0,16.0,,,2.0,4.0,723.0,1161.0,,,0.0,0.0,,,,,18.0,90.0,26.0,76.0,,,,,1.0,2.0,,,,,,,,,,,1.0,2.0,1.0,1.0,7.7,7.9,0,1,1
1321,,,,,,,,,0.0,0.0,,,4.0,300.0,,,5.0,12.5,698.0,640.0,,,0.0,0.0,,,,,59.0,260.0,,,,,,,1.0,4.0,,,,,,,,,,,1.0,4.0,1.0,1.0,7.6,8.1,0,1,0
1192,,,,,,,,,0.0,0.0,,,177.0,38.0,,,5.0,4.0,554.0,600.0,,,0.0,0.0,,,,,60.0,160.0,,,,,,,2.0,4.0,,,,,,,,,,,2.0,4.0,1.0,1.1,7.5,7.6,0,0,0
420,,,,0.05,,,,,,,0.0,0.0,0.0,0.0,,,0.0,0.0,541.0,690.0,,,,,0.0,0.0,,,,20.0,,10.0,,,,,1.0,1.0,,,,,,,,,,,1.0,1.0,1.0,1.0,7.1,7.2,0,0,0
709,,,0.05,0.06,0.856,0.949,,,,,0.0,0.0,4.0,36.0,,,3.0,3.0,439.0,446.0,,,,,0.0,0.0,0.8,1.42,20.0,42.0,,,,,0.003,0.003,,,,,1.0,1.0,,,,,1.0,1.0,,,0.5,0.5,7.33,7.8,0,0,1
1906,5.0,,0.35,0.39,0.414,,132.0,,0.0,0.0,,,132.0,,,,8.0,9.0,964.0,923.0,0.0,,0.0,0.0,,,1.0,,56.0,290.0,6.5,9.3,0.63,,0.01,,2.0,,4.3,,,,117.8,,3.0,,,,,,1.0,0.5,7.5,7.7,0,1,1
331,10.0,,0.05,0.05,0.1,,1.9,,,,0.0,0.0,0.0,,,,0.0,0.0,553.0,526.0,0.0,,,,0.0,0.0,0.1,,51.0,20.0,10.0,10.0,1.0,,0.002,,1.0,1.0,1.7,,,,3.4,,2.1,,,,1.0,1.0,1.0,1.0,7.2,7.2,0,0,1
989,5.0,,0.21,,0.002,,128.0,,1.0,0.0,,,23.0,15.0,,,4.0,4.0,717.0,693.0,0.0,,0.0,0.0,,,0.38,,23.0,29.0,63.0,29.0,0.86,,0.01,,2.0,2.0,0.8,,,,55.2,,5.0,,,,2.0,2.0,1.0,1.0,7.6,7.8,1,0,1
936,,,0.11,0.13,,,,,,,0.0,0.0,28.0,9.0,,,7.5,8.2,749.0,743.0,,,,,0.0,0.0,,,,,,,,,0.004,0.011,2.0,2.0,,,,,,,,,,,2.0,2.0,0.54,0.5,7.97,7.92,0,0,0
783,,,,,,,,,,,0.0,0.0,0.0,111.0,,,0.0,0.0,434.0,562.0,,,,,0.0,0.0,,,,20.0,,10.0,,,,,1.0,1.0,,,,,,,,,,,1.0,1.0,1.0,1.0,7.6,7.5,0,0,0
830,,,0.36,,,,,,0.0,0.0,,,0.0,3.0,,,3.0,3.0,615.0,622.0,,,0.0,0.0,,,,,130.0,90.0,41.0,40.0,,,,,1.0,2.0,,,,,,,,,,,1.0,2.0,1.0,1.0,7.6,7.7,0,0,1
803,,,,,,,,,,,0.0,0.0,16.0,10.0,,,0.0,5.0,494.0,500.0,,,,,0.0,0.0,,,20.0,20.0,,,,,,,1.0,1.0,,,,,,,,,,,1.0,1.0,1.0,1.0,7.0,7.5,0,0,0
1081,,5.0,,0.27,,0.274,,14.0,0.0,0.0,,,8.0,66.0,,,20.0,6.0,503.0,596.0,,0.0,0.0,0.0,,,,0.63,2300.0,1280.0,,21.3,,0.5,,0.01,4.0,4.0,,3.1,,,,28.4,,3.0,,,4.0,,11.0,11.0,7.6,7.6,1,1,1
458,,,0.05,0.05,,,,,,,0.0,0.0,,1.0,3.0,2.7,,,422.0,425.0,,,,,0.0,0.0,,,389.0,25.0,,,,,,,,,,,0.0,0.0,,,,,0.0,0.0,,,0.8,0.3,8.2,8.0,1,0,0
725,,,0.05,0.05,,,13.0,,0.0,,,0.0,10.0,18.0,,,4.0,3.0,595.0,603.0,0.0,0.0,0.0,,,0.0,1.4,,31.0,50.0,5.0,,0.52,,0.01,,2.0,,0.96,2.64,,1.0,13.8,,32.0,,,1.0,2.0,,1.0,0.5,7.5,7.36,0,0,0
